episode,service_quality,mitigation_efficiency,attack_leakage,collateral_damage,sla_violation,shield_repair,defender_reward,attacker_reward,attack_intensity,protocol
0,1.0,0.0,1.0,0.0,0,0.0,-1.0,0.925000011920929,0.3,0
0,1.0,0.0,1.0,0.0,0,0.0,-1.0,0.7749999761581421,0.5,3
0,1.0,0.0,1.0,0.0,0,0.0,-1.0,0.75,1.0,3
0,1.0,0.0,1.0,0.0,0,0.0,-1.0,0.75,1.0,1
0,1.0,0.0,1.0,0.0,0,0.0,-1.0,0.875,0.5,2
0,1.0,1.0,0.0,0.0,0,0.0,1.0,0.0,0.0,0
0,0.96,1.0,0.0,0.040000003,0,1.0,0.8740000128746033,0.0,0.0,0
0,1.0,0.0,1.0,0.0,0,0.0,-1.0010000467300415,0.8500000238418579,0.5,0
0,0.9890101,0.049454569816589355,0.9505454301834106,0.010989904,0,0.0,-0.9373575448989868,0.8705454468727112,0.2,1
0,1.0,0.0,1.0,0.0,0,0.0,-1.000549554824829,0.7749999761581421,0.5,2
0,1.0,0.0,1.0,0.0,0,0.0,-1.0,0.7999999523162842,0.5,3
0,0.96,1.0,0.0,0.040000003,0,1.0,0.8740000128746033,0.0,0.0,0
0,1.0,1.0,0.0,0.0,0,0.0,0.9990000128746033,0.0,0.0,0
0,0.87916094,0.5437758564949036,0.45622414350509644,0.12083908,1,0.0,-5.311217308044434,0.15622413158416748,1.0,0
0,1.0,0.0,1.0,0.0,0,0.0,-1.0060420036315918,0.5999999642372131,1.0,2
0,1.0,1.0,0.0,0.0,0,0.0,1.0,0.0,0.0,0
0,1.0,0.0,1.0,0.0,0,0.0,-1.0,0.75,1.0,0
0,1.0,0.0,1.0,0.0,0,0.0,-1.0,0.925000011920929,0.3,3
0,1.0,0.0,1.0,0.0,0,0.0,-1.0,0.940000057220459,0.2,1
0,1.0,0.0,1.0,0.0,0,0.0,-1.0,0.9500000476837158,0.2,1
0,0.97104925,0.1302783191204071,0.8697216510772705,0.02895074,0,0.0,-0.8349807858467102,0.7447216510772705,0.5,0
0,0.8,0.8999999761581421,0.1000000536441803,0.2,1,0.0,-4.858552932739258,0.02000005915760994,0.2,0
0,1.0,0.0,1.0,0.0,0,0.0,-1.0099999904632568,0.875,0.5,1
0,1.0,1.0,0.0,0.0,0,0.0,1.0,0.0,0.0,0
0,1.0,0.0,1.0,0.0,0,0.0,-1.0,0.9500000476837158,0.2,0
0,0.99,0.044999998062849045,0.9549999833106995,0.010000001,0,1.0,-0.9429999589920044,0.875,0.2,0
0,1.0,0.0,1.0,0.0,0,0.0,-1.000499963760376,0.925000011920929,0.3,0
0,1.0,0.0,1.0,0.0,0,0.0,-1.0,0.6800000071525574,0.8,2
0,0.99,0.044999998062849045,0.9549999833106995,0.010000001,0,1.0,-0.9429999589920044,0.9050000309944153,0.2,0
0,1.0,1.0,0.0,0.0,0,0.0,0.9994999766349792,0.0,0.0,0
0,1.0,1.0,0.0,0.0,0,0.0,1.0,0.0,0.0,0
0,1.0,1.0,0.0,0.0,0,0.0,1.0,0.0,0.0,0
0,0.99700016,0.013499235734343529,0.9865007400512695,0.0029998303,0,0.0,-0.9829009175300598,0.9065007567405701,0.2,1
0,1.0,1.0,0.0,0.0,0,0.0,0.9998500347137451,0.0,0.0,0
0,0.98,1.0,0.0,0.020000001,0,1.0,0.9369999766349792,0.0,0.0,0
0,0.98,1.0,0.0,0.020000001,0,1.0,0.9375,0.0,0.0,0
0,0.99,0.044999998062849045,0.9549999833106995,0.010000001,0,1.0,-0.9424999356269836,0.6349999904632568,0.8,0
0,0.98,1.0,0.0,0.020000001,0,1.0,0.9375,0.0,0.0,0
0,1.0,0.0,1.0,0.0,0,0.0,-1.000499963760376,0.925000011920929,0.3,1
0,1.0,1.0,0.0,0.0,0,0.0,1.0,0.0,0.0,0
0,1.0,0.0,1.0,0.0,0,0.0,-1.0,0.925000011920929,0.3,3
0,1.0,1.0,0.0,0.0,0,0.0,1.0,0.0,0.0,0
0,0.96,1.0,0.0,0.040000003,0,1.0,0.8740000128746033,0.0,0.0,0
0,1.0,0.0,1.0,0.0,0,0.0,-1.0010000467300415,0.9099999666213989,0.3,0
0,1.0,0.0,1.0,0.0,0,0.0,-1.0,0.925000011920929,0.3,2
0,1.0,1.0,0.0,0.0,0,0.0,1.0,0.0,0.0,0
0,1.0,0.0,1.0,0.0,0,0.0,-1.0,0.925000011920929,0.3,0
0,1.0,0.0,1.0,0.0,0,0.0,-1.0,0.9099999666213989,0.3,0
0,1.0,0.0,1.0,0.0,0,0.0,-1.0,0.7599999904632568,0.8,2
0,1.0,0.0,1.0,0.0,0,0.0,-1.0,0.9500000476837158,0.2,1
0,0.864419,0.6101146340370178,0.3898853659629822,0.13558103,1,0.0,-5.227188587188721,0.149885356426239,0.8,2
0,1.0,0.0,1.0,0.0,0,0.0,-1.0067790746688843,0.800000011920929,0.8,1
0,1.0,0.0,1.0,0.0,0,0.0,-1.0,0.7599999904632568,0.8,1
0,1.0,0.0,1.0,0.0,0,0.0,-1.0,0.7599999904632568,0.8,3
0,1.0,1.0,0.0,0.0,0,0.0,1.0,0.0,0.0,0
0,1.0,1.0,0.0,0.0,0,0.0,1.0,0.0,0.0,0
0,1.0,1.0,0.0,0.0,0,0.0,1.0,0.0,0.0,0
0,1.0,0.0,1.0,0.0,0,0.0,-1.0,0.6399999856948853,0.8,3
0,0.96,1.0,0.0,0.040000003,0,1.0,0.8740000128746033,0.0,0.0,0
0,0.9974322,0.011555332690477371,0.9884446859359741,0.0025678517,0,0.0,-0.9861064553260803,0.9384447336196899,0.2,0
0,1.0,0.0,1.0,0.0,0,0.0,-1.0001283884048462,0.7000000476837158,1.0,1
0,1.0,0.0,1.0,0.0,0,0.0,-1.0,0.9500000476837158,0.2,1
0,1.0,1.0,0.0,0.0,0,0.0,1.0,0.0,0.0,0
0,0.9639898,0.16204582154750824,0.8379541635513306,0.036010183,0,0.0,-0.7947419881820679,0.7129541635513306,0.5,0
0,1.0,0.0,1.0,0.0,0,0.0,-1.001800537109375,0.800000011920929,0.8,0
0,1.0,0.0,1.0,0.0,0,0.0,-1.0,0.875,0.5,2
0,0.9966946,0.0148741090670228,0.9851258397102356,0.0033053576,0,0.0,-0.9811593890190125,0.9101258516311646,0.3,1
0,0.9428779,0.25704947113990784,0.7429505586624146,0.057122108,1,0.0,-5.674238681793213,0.3429505228996277,1.0,0
0,1.0,0.0,1.0,0.0,0,0.0,-1.0028561353683472,0.875,0.5,2
0,1.0,0.0,1.0,0.0,0,0.0,-1.0,0.8500000238418579,0.5,1
0,1.0,1.0,0.0,0.0,0,0.0,1.0,0.0,0.0,0
0,0.99,0.044999998062849045,0.9549999833106995,0.010000001,0,1.0,-0.9429999589920044,0.7549999952316284,0.8,1
0,1.0,1.0,0.0,0.0,0,0.0,0.9994999766349792,0.0,0.0,0
0,0.99,0.044999998062849045,0.9549999833106995,0.010000001,0,1.0,-0.9429999589920044,0.8950000405311584,0.2,0
0,1.0,0.0,1.0,0.0,0,0.0,-1.000499963760376,0.9500000476837158,0.2,0
0,0.98,1.0,0.0,0.020000001,0,1.0,0.9369999766349792,0.0,0.0,0
0,1.0,0.0,1.0,0.0,0,0.0,-1.000499963760376,0.9500000476837158,0.2,3
0,1.0,0.0,1.0,0.0,0,0.0,-1.0,0.875,0.5,1
0,0.9758364,0.1087360754609108,0.8912639617919922,0.024163574,0,0.0,-0.8622677326202393,0.8162639737129211,0.3,0
0,1.0,0.0,1.0,0.0,0,0.0,-1.0012081861495972,0.925000011920929,0.3,1
0,1.0,0.0,1.0,0.0,0,0.0,-1.0,0.925000011920929,0.3,1
0,1.0,0.0,1.0,0.0,0,0.0,-1.0,0.925000011920929,0.3,1
0,1.0,1.0,0.0,0.0,0,0.0,1.0,0.0,0.0,0
0,1.0,0.0,1.0,0.0,0,0.0,-1.0,0.9100000262260437,0.2,3
0,1.0,0.0,1.0,0.0,0,0.0,-1.0,0.925000011920929,0.3,1
0,1.0,0.0,1.0,0.0,0,0.0,-1.0,0.9500000476837158,0.2,3
0,0.99900407,0.004481703042984009,0.9955183267593384,0.000995934,0,0.0,-0.994323194026947,0.9055182933807373,0.3,1
0,1.0,1.0,0.0,0.0,0,0.0,0.9999502301216125,0.0,0.0,0
0,0.9779407,0.0992668867111206,0.9007331132888794,0.02205931,0,0.0,-0.8742619752883911,0.7757331132888794,0.5,0
0,0.92480934,0.33835795521736145,0.6616420745849609,0.075190656,1,0.0,-5.570310115814209,0.41164204478263855,1.0,1
0,1.0,0.0,1.0,0.0,0,0.0,-1.003759503364563,0.925000011920929,0.3,0
0,1.0,1.0,0.0,0.0,0,0.0,1.0,0.0,0.0,0
0,0.98,1.0,0.0,0.020000001,0,1.0,0.9369999766349792,0.0,0.0,0
0,1.0,0.0,1.0,0.0,0,0.0,-1.000499963760376,0.7999999523162842,0.5,1
0,1.0,0.0,1.0,0.0,0,0.0,-1.0,0.5999999642372131,1.0,1
0,1.0,1.0,0.0,0.0,0,0.0,1.0,0.0,0.0,0
0,1.0,1.0,0.0,0.0,0,0.0,1.0,0.0,0.0,0
0,1.0,0.0,1.0,0.0,0,0.0,-1.0,0.925000011920929,0.3,0
0,0.96,1.0,0.0,0.040000003,0,1.0,0.8740000128746033,0.0,0.0,0
0,0.8,0.8999999761581421,0.10000000149011612,0.2,1,0.0,-4.858999729156494,0.009999997913837433,0.3,2
0,0.99,0.044999998062849045,0.9549999833106995,0.010000001,0,1.0,-0.9519999623298645,0.6549999713897705,1.0,0
0,1.0,0.0,1.0,0.0,0,0.0,-1.000499963760376,0.7000000476837158,1.0,1
0,0.99,0.044999998062849045,0.9549999833106995,0.010000001,0,1.0,-0.9429999589920044,0.8649999499320984,0.3,2
0,1.0,0.0,1.0,0.0,0,0.0,-1.000499963760376,0.800000011920929,0.8,2
0,0.99,0.044999998062849045,0.9549999833106995,0.010000001,0,1.0,-0.9429999589920044,0.7149999737739563,0.8,2
0,1.0,1.0,0.0,0.0,0,0.0,0.9994999766349792,0.0,0.0,0
0,1.0,0.0,1.0,0.0,0,0.0,-1.0,0.9099999666213989,0.3,3
0,1.0,0.0,1.0,0.0,0,0.0,-1.0,0.9200000166893005,0.2,2
0,0.99,0.044999998062849045,0.9549999833106995,0.010000001,0,1.0,-0.9429999589920044,0.7549999952316284,0.5,3
0,1.0,0.0,1.0,0.0,0,0.0,-1.000499963760376,0.9099999666213989,0.3,2
0,1.0,0.0,1.0,0.0,0,0.0,-1.0,0.940000057220459,0.2,1
0,0.98,1.0,0.0,0.020000001,0,1.0,0.9369999766349792,0.0,0.0,0
0,1.0,0.0,1.0,0.0,0,0.0,-1.000499963760376,0.925000011920929,0.3,0
0,1.0,0.0,1.0,0.0,0,0.0,-1.0,0.550000011920929,1.0,0
0,1.0,0.0,1.0,0.0,0,0.0,-1.0,0.9500000476837158,0.2,2
0,1.0,1.0,0.0,0.0,0,0.0,1.0,0.0,0.0,0
0,1.0,0.0,1.0,0.0,0,0.0,-1.0,0.8500000238418579,0.5,2
0,1.0,1.0,0.0,0.0,0,0.0,1.0,0.0,0.0,0
0,0.8,0.8999999761581421,0.10000000149011612,0.2,1,0.0,-4.860000133514404,0.02499999850988388,0.3,1
0,1.0,0.0,1.0,0.0,0,0.0,-1.0099999904632568,0.7999999523162842,0.5,3
0,1.0,0.0,1.0,0.0,0,0.0,-1.0,0.5999999642372131,1.0,2
0,1.0,1.0,0.0,0.0,0,0.0,1.0,0.0,0.0,0
0,1.0,0.0,1.0,0.0,0,0.0,-1.0,0.940000057220459,0.2,3
0,0.99,0.044999998062849045,0.9549999833106995,0.010000001,0,1.0,-0.9429999589920044,0.8649999499320984,0.3,3
0,1.0,1.0,0.0,0.0,0,0.0,0.9994999766349792,0.0,0.0,0
0,1.0,0.0,1.0,0.0,0,0.0,-1.0,0.75,1.0,2
0,1.0,0.0,1.0,0.0,0,0.0,-1.0,0.5999999642372131,1.0,0
0,1.0,0.0,1.0,0.0,0,0.0,-1.0,0.800000011920929,0.8,2
0,1.0,0.0,1.0,0.0,0,0.0,-1.0,0.940000057220459,0.2,2
0,1.0,0.0,1.0,0.0,0,0.0,-1.0,0.9099999666213989,0.3,3
0,1.0,1.0,0.0,0.0,0,0.0,1.0,0.0,0.0,0
0,1.0,1.0,0.0,0.0,0,0.0,1.0,0.0,0.0,0
0,1.0,0.0,1.0,0.0,0,0.0,-1.0,0.8500000238418579,0.5,2
0,1.0,0.0,1.0,0.0,0,0.0,-1.0,0.9200000166893005,0.2,2
0,1.0,1.0,0.0,0.0,0,0.0,1.0,0.0,0.0,0
0,1.0,1.0,0.0,0.0,0,0.0,1.0,0.0,0.0,0
0,1.0,0.0,1.0,0.0,0,0.0,-1.0,0.9200000166893005,0.2,2
0,0.8,0.8999999761581421,0.10000000149011612,0.2,1,0.0,-4.860000133514404,0.02499999850988388,0.3,2
0,1.0,0.0,1.0,0.0,0,0.0,-1.0099999904632568,0.7749999761581421,0.5,3
0,0.98,1.0,0.0,0.020000001,0,1.0,0.9369999766349792,0.0,0.0,0
0,1.0,0.0,1.0,0.0,0,0.0,-1.000499963760376,0.8500000238418579,0.5,3
0,1.0,0.0,1.0,0.0,0,0.0,-1.0,0.8500000238418579,0.5,1
0,0.98,1.0,0.0,0.020000001,0,1.0,0.9369999766349792,0.0,0.0,0
0,1.0,0.0,1.0,0.0,0,0.0,-1.000499963760376,0.75,1.0,1
0,0.86733705,0.5969831943511963,0.4030168056488037,0.13266294,1,0.0,-5.243821620941162,0.35301679372787476,0.2,3
0,0.99,0.044999998062849045,0.9549999833106995,0.010000001,0,1.0,-0.948633074760437,0.8950000405311584,0.2,2
0,0.99,0.044999998062849045,0.9549999833106995,0.010000001,0,1.0,-0.9424999356269836,0.8950000405311584,0.2,3
0,1.0,0.0,1.0,0.0,0,0.0,-1.000499963760376,0.940000057220459,0.2,2
0,1.0,0.0,1.0,0.0,0,0.0,-1.0,0.6399999856948853,0.8,2
0,0.99,0.044999998062849045,0.9549999833106995,0.010000001,0,1.0,-0.9429999589920044,0.8299999833106995,0.5,2
0,1.0,1.0,0.0,0.0,0,0.0,0.9994999766349792,0.0,0.0,0
0,1.0,0.0,1.0,0.0,0,0.0,-1.0,0.9099999666213989,0.3,3
0,1.0,0.0,1.0,0.0,0,0.0,-1.0,0.9500000476837158,0.2,1
0,1.0,0.0,1.0,0.0,0,0.0,-1.0,0.925000011920929,0.3,1
0,1.0,0.0,1.0,0.0,0,0.0,-1.0,0.7599999904632568,0.8,2
0,1.0,1.0,0.0,0.0,0,0.0,1.0,0.0,0.0,0
0,1.0,0.0,1.0,0.0,0,0.0,-1.0,0.75,1.0,3
0,1.0,1.0,0.0,0.0,0,0.0,1.0,0.0,0.0,0
0,0.98,1.0,0.0,0.020000001,0,1.0,0.9369999766349792,0.0,0.0,0
0,0.99,0.044999998062849045,0.9549999833106995,0.010000001,0,1.0,-0.9424999356269836,0.6349999904632568,0.8,0
0,0.99,0.044999998062849045,0.9549999833106995,0.010000001,0,1.0,-0.9424999356269836,0.8299999833106995,0.5,0
0,0.99,0.044999998062849045,0.9549999833106995,0.010000001,0,1.0,-0.9424999356269836,0.8799999952316284,0.3,3
0,0.98,1.0,0.0,0.020000001,0,1.0,0.9375,0.0,0.0,0
0,1.0,0.0,1.0,0.0,0,0.0,-1.000499963760376,0.75,1.0,3
0,1.0,0.0,1.0,0.0,0,0.0,-1.0,0.925000011920929,0.3,3
0,1.0,0.0,1.0,0.0,0,0.0,-1.0,0.7999999523162842,0.5,1
0,1.0,0.0,1.0,0.0,0,0.0,-1.0,0.7999999523162842,0.5,0
0,0.87860024,0.5462989807128906,0.4537010192871094,0.121399775,1,0.0,-5.308021545410156,0.0537010133266449,1.0,3
0,1.0,1.0,0.0,0.0,0,0.0,0.9939299821853638,0.0,0.0,0
0,1.0,0.0,1.0,0.0,0,0.0,-1.0,0.940000057220459,0.2,0
0,1.0,1.0,0.0,0.0,0,0.0,1.0,0.0,0.0,0
0,1.0,1.0,0.0,0.0,0,0.0,1.0,0.0,0.0,0
0,1.0,0.0,1.0,0.0,0,0.0,-1.0,0.6800000071525574,0.8,3
0,0.98586583,0.06360364705324173,0.9363963603973389,0.014134145,0,0.0,-0.919435441493988,0.8863964080810547,0.2,2
0,1.0,1.0,0.0,0.0,0,0.0,0.9992932677268982,0.0,0.0,0
0,0.96,1.0,0.0,0.040000003,0,1.0,0.8740000128746033,0.0,0.0,0
0,1.0,0.0,1.0,0.0,0,0.0,-1.0010000467300415,0.6800000071525574,0.8,2
0,1.0,0.0,1.0,0.0,0,0.0,-1.0,0.800000011920929,0.8,0
0,1.0,1.0,0.0,0.0,0,0.0,1.0,0.0,0.0,0
0,1.0,0.0,1.0,0.0,0,0.0,-1.0,0.7000000476837158,1.0,0
0,0.88868815,0.5009033679962158,0.4990966320037842,0.11131187,1,0.0,-5.365522384643555,0.3490966558456421,0.5,0
0,0.99,0.044999998062849045,0.9549999833106995,0.010000001,0,1.0,-0.9475655555725098,0.8950000405311584,0.2,3
0,1.0,0.0,1.0,0.0,0,0.0,-1.000499963760376,0.925000011920929,0.3,1
0,1.0,0.0,1.0,0.0,0,0.0,-1.0,0.5999999642372131,1.0,0
0,0.99,0.044999998062849045,0.9549999833106995,0.010000001,0,1.0,-0.9429999589920044,0.7549999952316284,0.8,1
0,1.0,0.0,1.0,0.0,0,0.0,-1.000499963760376,0.800000011920929,0.8,0
0,0.99,0.044999998062849045,0.9549999833106995,0.010000001,0,1.0,-0.9429999589920044,0.7549999952316284,0.5,0
0,1.0,0.0,1.0,0.0,0,0.0,-1.000499963760376,0.9500000476837158,0.2,0
0,0.99,0.044999998062849045,0.9549999833106995,0.010000001,0,1.0,-0.9429999589920044,0.8950000405311584,0.2,2
0,0.99,0.044999998062849045,0.9549999833106995,0.010000001,0,1.0,-0.9424999356269836,0.7549999952316284,0.8,3
0,0.99,0.044999998062849045,0.9549999833106995,0.010000001,0,1.0,-0.9424999356269836,0.8950000405311584,0.2,3
0,1.0,1.0,0.0,0.0,0,0.0,0.9994999766349792,0.0,0.0,0
0,0.99,0.044999998062849045,0.9549999833106995,0.010000001,0,1.0,-0.9429999589920044,0.875,0.2,2
0,0.9650054,1.0,0.0,0.034994613,0,0.0,0.890267014503479,0.0,0.0,0
0,0.9297893,0.3159480094909668,0.6840519905090332,0.07021067,1,0.0,-5.598924160003662,0.38405200839042664,1.0,2
0,1.0,0.0,1.0,0.0,0,0.0,-1.0035104751586914,0.9500000476837158,0.2,3
0,0.98,1.0,0.0,0.020000001,0,1.0,0.9369999766349792,0.0,0.0,0
0,1.0,0.0,1.0,0.0,0,0.0,-1.000499963760376,0.9200000166893005,0.2,3
0,0.98,1.0,0.0,0.020000001,0,1.0,0.9369999766349792,0.0,0.0,0
0,1.0,0.0,1.0,0.0,0,0.0,-1.000499963760376,0.800000011920929,0.8,3
0,0.99,0.044999998062849045,0.9549999833106995,0.010000001,0,1.0,-0.9429999589920044,0.9050000309944153,0.2,0
0,1.0,0.0,1.0,0.0,0,0.0,-1.000499963760376,0.9500000476837158,0.2,2
0,0.99,0.044999998062849045,0.9549999833106995,0.010000001,0,1.0,-0.9429999589920044,0.7549999952316284,0.8,0
0,0.99,0.044999998062849045,0.9549999833106995,0.010000001,0,1.0,-0.9424999356269836,0.5549999475479126,1.0,2
0,1.0,0.0,1.0,0.0,0,0.0,-1.000499963760376,0.925000011920929,0.3,0
0,1.0,0.0,1.0,0.0,0,0.0,-1.0,0.75,1.0,1
0,1.0,0.0,1.0,0.0,0,0.0,-1.0,0.5999999642372131,1.0,1
0,1.0,0.0,1.0,0.0,0,0.0,-1.0,0.9500000476837158,0.2,2
0,0.8,0.8999999761581421,0.10000002384185791,0.2,1,0.0,-4.8600006103515625,-0.09999997913837433,0.5,2
0,1.0,0.0,1.0,0.0,0,0.0,-1.0099999904632568,0.7999999523162842,0.5,3
0,0.99,0.044999998062849045,0.9549999833106995,0.010000001,0,1.0,-0.9429999589920044,0.8799999952316284,0.3,2
0,0.98,1.0,0.0,0.020000001,0,1.0,0.9375,0.0,0.0,0
0,1.0,0.0,1.0,0.0,0,0.0,-1.000499963760376,0.7749999761581421,0.5,2
0,1.0,0.0,1.0,0.0,0,0.0,-1.0,0.7999999523162842,0.5,3
0,0.99,0.044999998062849045,0.9549999833106995,0.010000001,0,1.0,-0.9429999589920044,0.9050000309944153,0.2,0
0,0.98,1.0,0.0,0.020000001,0,1.0,0.9375,0.0,0.0,0
0,1.0,0.0,1.0,0.0,0,0.0,-1.000499963760376,0.9099999666213989,0.3,0
0,1.0,1.0,0.0,0.0,0,0.0,1.0,0.0,0.0,0
0,0.99,0.044999998062849045,0.9549999833106995,0.010000001,0,1.0,-0.9429999589920044,0.6349999904632568,0.8,0
0,1.0,0.0,1.0,0.0,0,0.0,-1.000499963760376,0.925000011920929,0.3,0
0,1.0,0.0,1.0,0.0,0,0.0,-1.0,0.7000000476837158,1.0,0
0,0.9717423,1.0,0.0,0.02825774,0,0.0,0.9109881520271301,0.0,0.0,0
0,1.0,0.0,1.0,0.0,0,0.0,-1.000706434249878,0.9099999666213989,0.3,0
0,1.0,0.0,1.0,0.0,0,0.0,-1.0,0.925000011920929,0.3,2
0,1.0,0.0,1.0,0.0,0,0.0,-1.0,0.7000000476837158,1.0,0
0,1.0,1.0,0.0,0.0,0,0.0,1.0,0.0,0.0,0
0,1.0,1.0,0.0,0.0,0,0.0,1.0,0.0,0.0,0
0,1.0,1.0,0.0,0.0,0,0.0,1.0,0.0,0.0,0
0,1.0,0.0,1.0,0.0,0,0.0,-1.0,0.875,0.5,2
0,0.94574684,0.24413926899433136,0.7558607459068298,0.054253172,1,0.0,-5.690756797790527,0.7058607935905457,0.2,0
0,0.99,0.044999998062849045,0.9549999833106995,0.010000001,0,1.0,-0.9447125792503357,0.7549999952316284,0.5,3
0,1.0,0.0,1.0,0.0,0,0.0,-1.000499963760376,0.875,0.5,0
0,1.0,0.0,1.0,0.0,0,0.0,-1.0,0.6800000071525574,0.8,0
0,0.98,1.0,0.0,0.020000001,0,1.0,0.9369999766349792,0.0,0.0,0
0,1.0,1.0,0.0,0.0,0,0.0,0.9994999766349792,0.0,0.0,0
0,0.96,1.0,0.0,0.040000003,0,1.0,0.8740000128746033,0.0,0.0,0
0,0.97245604,0.12394771724939346,0.8760522603988647,0.027543938,0,0.0,-0.8419995307922363,0.6760522127151489,0.5,3
0,1.0,0.0,1.0,0.0,0,0.0,-1.0013772249221802,0.9200000166893005,0.2,1
0,1.0,1.0,0.0,0.0,0,0.0,1.0,0.0,0.0,0
0,1.0,0.0,1.0,0.0,0,0.0,-1.0,0.925000011920929,0.3,0
0,0.96756744,0.1459464132785797,0.8540535569190979,0.032432538,0,0.0,-0.8151344656944275,0.8040536046028137,0.2,1
0,1.0,0.0,1.0,0.0,0,0.0,-1.0016216039657593,0.9200000166893005,0.2,0
0,1.0,1.0,0.0,0.0,0,0.0,1.0,0.0,0.0,0
0,0.99639064,0.016242170706391335,0.9837577939033508,0.0036093711,0,0.0,-0.9794265031814575,0.7837578058242798,0.8,2
0,1.0,0.0,1.0,0.0,0,0.0,-1.0001804828643799,0.940000057220459,0.2,0
0,1.0,0.0,1.0,0.0,0,0.0,-1.0,0.6800000071525574,0.8,0
0,1.0,1.0,0.0,0.0,0,0.0,1.0,0.0,0.0,0
0,1.0,0.0,1.0,0.0,0,0.0,-1.0,0.9500000476837158,0.2,2
0,1.0,0.0,1.0,0.0,0,0.0,-1.0,0.75,1.0,0
0,1.0,1.0,0.0,0.0,0,0.0,1.0,0.0,0.0,0
0,0.96,1.0,0.0,0.040000003,0,1.0,0.8740000128746033,0.0,0.0,0
0,1.0,0.0,1.0,0.0,0,0.0,-1.0010000467300415,0.9500000476837158,0.2,2
0,0.94221526,0.26003122329711914,0.7399687767028809,0.057784718,1,0.0,-5.670627117156982,0.6149687767028809,0.5,0
0,1.0,0.0,1.0,0.0,0,0.0,-1.0028892755508423,0.75,1.0,1
0,1.0,0.0,1.0,0.0,0,0.0,-1.0,0.800000011920929,0.8,3
0,1.0,0.0,1.0,0.0,0,0.0,-1.0,0.7999999523162842,0.5,0
0,0.9734111,0.11965025961399078,0.8803496956825256,0.026588947,0,0.0,-0.8484428524971008,0.8303497433662415,0.2,1
0,1.0,0.0,1.0,0.0,0,0.0,-1.0013294219970703,0.800000011920929,0.8,0
0,1.0,1.0,0.0,0.0,0,0.0,1.0,0.0,0.0,0
0,1.0,1.0,0.0,0.0,0,0.0,1.0,0.0,0.0,0
0,1.0,0.0,1.0,0.0,0,0.0,-1.0,0.9099999666213989,0.3,3
0,0.97333854,0.11997643858194351,0.8800235390663147,0.026661431,0,0.0,-0.8480297923088074,0.8300235867500305,0.2,2
0,1.0,1.0,0.0,0.0,0,0.0,0.9986669421195984,0.0,0.0,0
0,0.90731806,0.41706863045692444,0.582931399345398,0.09268192,1,0.0,-5.471713066101074,0.43293142318725586,0.5,0
0,1.0,1.0,0.0,0.0,0,0.0,0.9953659176826477,0.0,0.0,0
0,1.0,0.0,1.0,0.0,0,0.0,-1.0,0.9500000476837158,0.2,0
0,1.0,0.0,1.0,0.0,0,0.0,-1.0,0.6800000071525574,0.8,1
0,0.98,1.0,0.0,0.020000001,0,1.0,0.9369999766349792,0.0,0.0,0
0,1.0,0.0,1.0,0.0,0,0.0,-1.000499963760376,0.875,0.5,0
0,1.0,0.0,1.0,0.0,0,0.0,-1.0,0.9099999666213989,0.3,0
0,1.0,0.0,1.0,0.0,0,0.0,-1.0,0.9099999666213989,0.3,1
0,1.0,0.0,1.0,0.0,0,0.0,-1.0,0.9100000262260437,0.2,2
0,0.99,0.044999998062849045,0.9549999833106995,0.010000001,0,1.0,-0.9429999589920044,0.7049999237060547,1.0,3
0,0.98,1.0,0.0,0.020000001,0,1.0,0.9375,0.0,0.0,0
0,1.0,1.0,0.0,0.0,0,0.0,0.9994999766349792,0.0,0.0,0
0,0.99,0.044999998062849045,0.9549999833106995,0.010000001,0,1.0,-0.9429999589920044,0.7149999737739563,0.8,0
0,0.98,1.0,0.0,0.020000001,0,1.0,0.9375,0.0,0.0,0
0,1.0,1.0,0.0,0.0,0,0.0,0.9994999766349792,0.0,0.0,0
0,0.8,0.8999999761581421,0.10000000149011612,0.2,1,0.0,-4.860000133514404,0.009999997913837433,0.3,3
0,0.99,0.044999998062849045,0.9549999833106995,0.010000001,0,1.0,-0.9519999623298645,0.9050000309944153,0.2,1
0,1.0,1.0,0.0,0.0,0,0.0,0.9994999766349792,0.0,0.0,0
0,1.0,0.0,1.0,0.0,0,0.0,-1.0,0.9099999666213989,0.3,3
0,0.99,0.044999998062849045,0.9549999833106995,0.010000001,0,1.0,-0.9429999589920044,0.7149999737739563,0.8,2
0,1.0,0.0,1.0,0.0,0,0.0,-1.000499963760376,0.800000011920929,0.8,1
0,1.0,0.0,1.0,0.0,0,0.0,-1.0,0.925000011920929,0.3,3
0,1.0,0.0,1.0,0.0,0,0.0,-1.0,0.6800000071525574,0.8,3
0,1.0,0.0,1.0,0.0,0,0.0,-1.0,0.6399999856948853,0.8,0
0,1.0,0.0,1.0,0.0,0,0.0,-1.0,0.9099999666213989,0.3,3
0,1.0,0.0,1.0,0.0,0,0.0,-1.0,0.9500000476837158,0.2,3
0,1.0,1.0,0.0,0.0,0,0.0,1.0,0.0,0.0,0
0,1.0,0.0,1.0,0.0,0,0.0,-1.0,0.875,0.5,2
0,1.0,0.0,1.0,0.0,0,0.0,-1.0,0.5999999642372131,1.0,0
0,1.0,1.0,0.0,0.0,0,0.0,1.0,0.0,0.0,0
0,0.97574353,0.10915399342775345,0.8908460140228271,0.024256444,0,0.0,-0.8617383241653442,0.8008459806442261,0.3,2
0,0.96,1.0,0.0,0.040000003,0,1.0,0.8747871518135071,0.0,0.0,0
0,1.0,0.0,1.0,0.0,0,0.0,-1.0010000467300415,0.9200000166893005,0.2,3
0,0.9161973,0.37711217999458313,0.6228878498077393,0.08380271,1,0.0,-5.522324562072754,0.5428878664970398,0.2,3
0,0.98,1.0,0.0,0.020000001,0,1.0,0.9338098764419556,0.0,0.0,0
0,1.0,0.0,1.0,0.0,0,0.0,-1.000499963760376,0.800000011920929,0.8,0
0,1.0,0.0,1.0,0.0,0,0.0,-1.0,0.9099999666213989,0.3,1
0,0.99,0.044999998062849045,0.9549999833106995,0.010000001,0,1.0,-0.9429999589920044,0.7049999237060547,1.0,2
0,1.0,0.0,1.0,0.0,0,0.0,-1.000499963760376,0.9500000476837158,0.2,0
0,1.0,0.0,1.0,0.0,0,0.0,-1.0,0.75,1.0,2
0,0.99,0.044999998062849045,0.9549999833106995,0.010000001,0,1.0,-0.9429999589920044,0.8649999499320984,0.3,0
0,1.0,0.0,1.0,0.0,0,0.0,-1.000499963760376,0.8500000238418579,0.5,0
0,0.8,0.8999999761581421,0.10000000149011612,0.2,1,0.0,-4.860000133514404,0.02499999850988388,0.3,2
0,0.99,0.044999998062849045,0.9549999833106995,0.010000001,0,1.0,-0.9519999623298645,0.7049999237060547,1.0,2
0,1.0,0.0,1.0,0.0,0,0.0,-1.000499963760376,0.9500000476837158,0.2,0
0,0.99,0.044999998062849045,0.9549999833106995,0.010000001,0,1.0,-0.9429999589920044,0.8299999833106995,0.5,3
0,1.0,1.0,0.0,0.0,0,0.0,0.9994999766349792,0.0,0.0,0
0,1.0,1.0,0.0,0.0,0,0.0,1.0,0.0,0.0,0
0,1.0,1.0,0.0,0.0,0,0.0,1.0,0.0,0.0,0
0,1.0,1.0,0.0,0.0,0,0.0,1.0,0.0,0.0,0
0,0.99,0.044999998062849045,0.9549999833106995,0.010000001,0,1.0,-0.9429999589920044,0.8299999833106995,0.5,1
0,0.98,1.0,0.0,0.020000001,0,1.0,0.9375,0.0,0.0,0
0,0.98,1.0,0.0,0.020000001,0,1.0,0.9375,0.0,0.0,0
0,1.0,1.0,0.0,0.0,0,0.0,0.9994999766349792,0.0,0.0,0
0,1.0,1.0,0.0,0.0,0,0.0,1.0,0.0,0.0,0
0,1.0,0.0,1.0,0.0,0,0.0,-1.0,0.9099999666213989,0.3,1
0,1.0,1.0,0.0,0.0,0,0.0,1.0,0.0,0.0,0
0,1.0,1.0,0.0,0.0,0,0.0,1.0,0.0,0.0,0
0,1.0,0.0,1.0,0.0,0,0.0,-1.0,0.800000011920929,0.8,0
0,0.8,0.8999999761581421,0.1000000536441803,0.2,1,0.0,-4.8600006103515625,-0.09999994188547134,0.8,3
0,1.0,1.0,0.0,0.0,0,0.0,0.9900000095367432,0.0,0.0,0
0,0.99,0.044999998062849045,0.9549999833106995,0.010000001,0,1.0,-0.9429999589920044,0.8950000405311584,0.2,0
0,1.0,0.0,1.0,0.0,0,0.0,-1.000499963760376,0.925000011920929,0.3,2
0,1.0,1.0,0.0,0.0,0,0.0,1.0,0.0,0.0,0
0,0.99,0.044999998062849045,0.9549999833106995,0.010000001,0,1.0,-0.9429999589920044,0.7300000190734863,0.5,0
0,1.0,1.0,0.0,0.0,0,0.0,0.9994999766349792,0.0,0.0,0
0,1.0,0.0,1.0,0.0,0,0.0,-1.0,0.75,1.0,2
0,1.0,0.0,1.0,0.0,0,0.0,-1.0,0.9099999666213989,0.3,3
0,0.96,1.0,0.0,0.040000003,0,1.0,0.8740000128746033,0.0,0.0,0
0,0.9311086,0.31001126766204834,0.6899887323379517,0.0688914,1,0.0,-5.606319427490234,0.6149887442588806,0.3,0
0,0.99,0.044999998062849045,0.9549999833106995,0.010000001,0,1.0,-0.9454445242881775,0.8799999952316284,0.3,0
0,1.0,0.0,1.0,0.0,0,0.0,-1.000499963760376,0.9200000166893005,0.2,0
0,1.0,1.0,0.0,0.0,0,0.0,1.0,0.0,0.0,0
0,0.99,0.044999998062849045,0.9549999833106995,0.010000001,0,1.0,-0.9429999589920044,0.5549999475479126,1.0,3
0,1.0,1.0,0.0,0.0,0,0.0,0.9994999766349792,0.0,0.0,0
0,0.98,1.0,0.0,0.020000001,0,1.0,0.9369999766349792,0.0,0.0,0
0,0.99,0.044999998062849045,0.9549999833106995,0.010000001,0,1.0,-0.9424999356269836,0.8950000405311584,0.2,2
0,1.0,0.0,1.0,0.0,0,0.0,-1.000499963760376,0.9500000476837158,0.2,0
0,1.0,0.0,1.0,0.0,0,0.0,-1.0,0.9200000166893005,0.2,2
0,0.99,0.044999998062849045,0.9549999833106995,0.010000001,0,1.0,-0.9429999589920044,0.8950000405311584,0.2,2
0,0.9913418,0.038961634039878845,0.96103835105896,0.008658141,0,0.0,-0.9502828121185303,0.736038327217102,0.5,2
0,1.0,0.0,1.0,0.0,0,0.0,-1.0004328489303589,0.800000011920929,0.8,3
0,1.0,0.0,1.0,0.0,0,0.0,-1.0,0.9099999666213989,0.3,2
0,0.99,0.044999998062849045,0.9549999833106995,0.010000001,0,1.0,-0.9429999589920044,0.9050000309944153,0.2,3
0,1.0,1.0,0.0,0.0,0,0.0,0.9994999766349792,0.0,0.0,0
0,0.96,1.0,0.0,0.040000003,0,1.0,0.8740000128746033,0.0,0.0,0
0,1.0,0.0,1.0,0.0,0,0.0,-1.0010000467300415,0.800000011920929,0.8,3
0,1.0,1.0,0.0,0.0,0,0.0,1.0,0.0,0.0,0
0,1.0,1.0,0.0,0.0,0,0.0,1.0,0.0,0.0,0
0,1.0,0.0,1.0,0.0,0,0.0,-1.0,0.925000011920929,0.3,1
0,0.9854573,0.0654422789812088,0.9345577359199524,0.014542729,0,0.0,-0.9171064496040344,0.8095577359199524,0.5,0
0,0.96,1.0,0.0,0.040000003,0,1.0,0.8747271299362183,0.0,0.0,0
0,1.0,0.0,1.0,0.0,0,0.0,-1.0010000467300415,0.550000011920929,1.0,2
0,1.0,1.0,0.0,0.0,0,0.0,1.0,0.0,0.0,0
0,0.8,0.8999999761581421,0.1000000536441803,0.2,1,0.0,-4.8600006103515625,0.05000005662441254,0.2,1
0,0.96,1.0,0.0,0.040000003,0,1.0,0.8659999966621399,0.0,0.0,0
0,1.0,0.0,1.0,0.0,0,0.0,-1.0010000467300415,0.5999999642372131,1.0,1
0,1.0,0.0,1.0,0.0,0,0.0,-1.0,0.7000000476837158,1.0,0
0,0.9048333,0.42825010418891907,0.5717499256134033,0.09516669,1,0.0,-5.457550048828125,0.5117499828338623,0.2,3
0,1.0,0.0,1.0,0.0,0,0.0,-1.004758358001709,0.7000000476837158,1.0,2
0,1.0,0.0,1.0,0.0,0,0.0,-1.0,0.6800000071525574,0.8,0
0,1.0,0.0,1.0,0.0,0,0.0,-1.0,0.8500000238418579,0.5,1
0,1.0,0.0,1.0,0.0,0,0.0,-1.0,0.875,0.5,3
0,1.0,0.0,1.0,0.0,0,0.0,-1.0,0.9500000476837158,0.2,0
0,1.0,0.0,1.0,0.0,0,0.0,-1.0,0.9200000166893005,0.2,3
0,0.99,0.044999998062849045,0.9549999833106995,0.010000001,0,1.0,-0.9429999589920044,0.7049999237060547,1.0,2
0,1.0,1.0,0.0,0.0,0,0.0,0.9994999766349792,0.0,0.0,0
0,1.0,0.0,1.0,0.0,0,0.0,-1.0,0.8500000238418579,0.5,1
0,1.0,0.0,1.0,0.0,0,0.0,-1.0,0.9099999666213989,0.3,3
0,1.0,0.0,1.0,0.0,0,0.0,-1.0,0.5999999642372131,1.0,0
0,1.0,0.0,1.0,0.0,0,0.0,-1.0,0.800000011920929,0.8,2
0,0.98,1.0,0.0,0.020000001,0,1.0,0.9369999766349792,0.0,0.0,0
0,0.98,1.0,0.0,0.020000001,0,1.0,0.9375,0.0,0.0,0
0,1.0,0.0,1.0,0.0,0,0.0,-1.000499963760376,0.9099999666213989,0.3,0
0,1.0,1.0,0.0,0.0,0,0.0,1.0,0.0,0.0,0
0,0.98,1.0,0.0,0.020000001,0,1.0,0.9369999766349792,0.0,0.0,0
0,1.0,0.0,1.0,0.0,0,0.0,-1.000499963760376,0.800000011920929,0.8,3
0,0.99,0.044999998062849045,0.9549999833106995,0.010000001,0,1.0,-0.9429999589920044,0.8950000405311584,0.2,3
0,1.0,0.0,1.0,0.0,0,0.0,-1.000499963760376,0.940000057220459,0.2,3
0,1.0,0.0,1.0,0.0,0,0.0,-1.0,0.875,0.5,1
0,0.96,1.0,0.0,0.040000003,0,1.0,0.8740000128746033,0.0,0.0,0
0,1.0,0.0,1.0,0.0,0,0.0,-1.0010000467300415,0.9500000476837158,0.2,2
0,0.96,1.0,0.0,0.040000003,0,1.0,0.8740000128746033,0.0,0.0,0
0,1.0,1.0,0.0,0.0,0,0.0,0.9990000128746033,0.0,0.0,0
0,1.0,0.0,1.0,0.0,0,0.0,-1.0,0.9099999666213989,0.3,3
0,1.0,0.0,1.0,0.0,0,0.0,-1.0,0.9099999666213989,0.3,3
0,1.0,0.0,1.0,0.0,0,0.0,-1.0,0.75,1.0,1
0,1.0,0.0,1.0,0.0,0,0.0,-1.0,0.9500000476837158,0.2,0
0,1.0,0.0,1.0,0.0,0,0.0,-1.0,0.550000011920929,1.0,3
0,0.8,0.8999999761581421,0.1000000536441803,0.2,1,0.0,-4.8600006103515625,-0.21999993920326233,0.8,1
0,0.96,1.0,0.0,0.040000003,0,1.0,0.8659999966621399,0.0,0.0,0
0,0.97475535,1.0,0.0,0.025244629,0,0.0,0.920741617679596,0.0,0.0,0
0,1.0,0.0,1.0,0.0,0,0.0,-1.0006310939788818,0.7599999904632568,0.8,1
0,1.0,1.0,0.0,0.0,0,0.0,1.0,0.0,0.0,0
0,1.0,0.0,1.0,0.0,0,0.0,-1.0,0.6800000071525574,0.8,1
0,1.0,0.0,1.0,0.0,0,0.0,-1.0,0.9099999666213989,0.3,3
0,0.96,1.0,0.0,0.040000003,0,1.0,0.8740000128746033,0.0,0.0,0
0,1.0,0.0,1.0,0.0,0,0.0,-1.0010000467300415,0.550000011920929,1.0,0
0,1.0,0.0,1.0,0.0,0,0.0,-1.0,0.7000000476837158,1.0,3
0,1.0,0.0,1.0,0.0,0,0.0,-1.0,0.75,1.0,3
0,1.0,0.0,1.0,0.0,0,0.0,-1.0,0.800000011920929,0.8,3
0,0.9497505,0.22612285614013672,0.7738771438598633,0.050249524,1,0.0,-5.713577747344971,0.6988771557807922,0.3,3
0,1.0,0.0,1.0,0.0,0,0.0,-1.0025124549865723,0.5999999642372131,1.0,0
0,1.0,0.0,1.0,0.0,0,0.0,-1.0,0.875,0.5,0
0,0.99014544,0.044345416128635406,0.9556546211242676,0.009854537,0,0.0,-0.9438292384147644,0.8956546783447266,0.2,0
0,1.0,1.0,0.0,0.0,0,0.0,0.9995072484016418,0.0,0.0,0
0,1.0,1.0,0.0,0.0,0,0.0,1.0,0.0,0.0,0
0,1.0,0.0,1.0,0.0,0,0.0,-1.0,0.7999999523162842,0.5,1
0,1.0,0.0,1.0,0.0,0,0.0,-1.0,0.7000000476837158,1.0,0
0,1.0,0.0,1.0,0.0,0,0.0,-1.0,0.5999999642372131,1.0,0
0,1.0,0.0,1.0,0.0,0,0.0,-1.0,0.925000011920929,0.3,0
0,1.0,0.0,1.0,0.0,0,0.0,-1.0,0.7599999904632568,0.8,0
0,1.0,0.0,1.0,0.0,0,0.0,-1.0,0.800000011920929,0.8,0
0,1.0,0.0,1.0,0.0,0,0.0,-1.0,0.875,0.5,2
0,1.0,1.0,0.0,0.0,0,0.0,1.0,0.0,0.0,0
0,1.0,0.0,1.0,0.0,0,0.0,-1.0,0.800000011920929,0.8,0
0,1.0,0.0,1.0,0.0,0,0.0,-1.0,0.875,0.5,1
0,1.0,0.0,1.0,0.0,0,0.0,-1.0,0.875,0.5,3
0,1.0,1.0,0.0,0.0,0,0.0,1.0,0.0,0.0,0
0,1.0,0.0,1.0,0.0,0,0.0,-1.0,0.925000011920929,0.3,0
0,1.0,0.0,1.0,0.0,0,0.0,-1.0,0.875,0.5,3
0,0.96,1.0,0.0,0.040000003,0,1.0,0.8740000128746033,0.0,0.0,0
0,0.9549313,0.20280906558036804,0.7971909046173096,0.04506868,0,0.0,-0.7421084642410278,0.3471909165382385,1.0,3
0,0.8544567,0.654944658279419,0.34505534172058105,0.14554326,1,0.0,-5.168150424957275,0.27005535364151,0.3,0
0,0.99,0.044999998062849045,0.9549999833106995,0.010000001,0,1.0,-0.9492771029472351,0.5049999356269836,1.0,0
0,1.0,0.0,1.0,0.0,0,0.0,-1.000499963760376,0.9500000476837158,0.2,0
0,1.0,0.0,1.0,0.0,0,0.0,-1.0,0.7999999523162842,0.5,0
0,1.0,0.0,1.0,0.0,0,0.0,-1.0,0.875,0.5,2
0,1.0,1.0,0.0,0.0,0,0.0,1.0,0.0,0.0,0
0,1.0,0.0,1.0,0.0,0,0.0,-1.0,0.925000011920929,0.3,2
0,0.99803007,0.008864753879606724,0.9911352396011353,0.0019699454,0,0.0,-0.9887713193893433,0.6711352467536926,0.8,3
0,1.0,0.0,1.0,0.0,0,0.0,-1.000098466873169,0.875,0.5,0
0,1.0,1.0,0.0,0.0,0,0.0,1.0,0.0,0.0,0
0,0.96,1.0,0.0,0.040000003,0,1.0,0.8740000128746033,0.0,0.0,0
0,1.0,0.0,1.0,0.0,0,0.0,-1.0010000467300415,0.8500000238418579,0.5,3
0,1.0,0.0,1.0,0.0,0,0.0,-1.0,0.9099999666213989,0.3,1
0,1.0,1.0,0.0,0.0,0,0.0,1.0,0.0,0.0,0
0,1.0,0.0,1.0,0.0,0,0.0,-1.0,0.550000011920929,1.0,1
0,0.93226355,0.3048138916492462,0.6951860785484314,0.067736425,1,0.0,-5.613902568817139,0.45518606901168823,0.8,0
0,0.98,1.0,0.0,0.020000001,0,1.0,0.9346131682395935,0.0,0.0,0
0,1.0,0.0,1.0,0.0,0,0.0,-1.000499963760376,0.9200000166893005,0.2,0
0,1.0,0.0,1.0,0.0,0,0.0,-1.0,0.925000011920929,0.3,0
0,1.0,0.0,1.0,0.0,0,0.0,-1.0,0.9500000476837158,0.2,1
0,1.0,0.0,1.0,0.0,0,0.0,-1.0,0.7000000476837158,1.0,3
0,1.0,0.0,1.0,0.0,0,0.0,-1.0,0.6399999856948853,0.8,1
0,1.0,1.0,0.0,0.0,0,0.0,1.0,0.0,0.0,0
0,1.0,0.0,1.0,0.0,0,0.0,-1.0,0.925000011920929,0.3,1
0,0.99,0.044999998062849045,0.9549999833106995,0.010000001,0,1.0,-0.9429999589920044,0.7149999737739563,0.8,1
0,1.0,0.0,1.0,0.0,0,0.0,-1.000499963760376,0.925000011920929,0.3,0
0,1.0,0.0,1.0,0.0,0,0.0,-1.0,0.5999999642372131,1.0,1
0,1.0,0.0,1.0,0.0,0,0.0,-1.0,0.9200000166893005,0.2,1
0,1.0,0.0,1.0,0.0,0,0.0,-1.0,0.800000011920929,0.8,1
0,0.9674447,0.14649879932403564,0.8535012006759644,0.03255529,0,0.0,-0.814434826374054,0.7035012245178223,0.5,1
0,0.8632421,0.6154105067253113,0.3845895230770111,0.1367579,1,0.0,-5.2188520431518555,0.3095895051956177,0.3,1
0,0.99,0.044999998062849045,0.9549999833106995,0.010000001,0,1.0,-0.9488378167152405,0.5049999356269836,1.0,1
0,1.0,1.0,0.0,0.0,0,0.0,0.9994999766349792,0.0,0.0,0
0,1.0,0.0,1.0,0.0,0,0.0,-1.0,0.940000057220459,0.2,0
0,1.0,0.0,1.0,0.0,0,0.0,-1.0,0.800000011920929,0.8,0
0,0.99,0.044999998062849045,0.9549999833106995,0.010000001,0,1.0,-0.9429999589920044,0.8799999952316284,0.3,3
0,0.99,0.044999998062849045,0.9549999833106995,0.010000001,0,1.0,-0.9424999356269836,0.6549999713897705,1.0,1
0,0.99,0.044999998062849045,0.9549999833106995,0.010000001,0,1.0,-0.9424999356269836,0.8950000405311584,0.2,1
0,1.0,0.0,1.0,0.0,0,0.0,-1.000499963760376,0.9500000476837158,0.2,1
0,1.0,0.0,1.0,0.0,0,0.0,-1.0,0.9500000476837158,0.2,2
0,1.0,0.0,1.0,0.0,0,0.0,-1.0,0.5999999642372131,1.0,3
0,0.8,0.8999999761581421,0.10000000149011612,0.2,1,0.0,-4.860000133514404,0.009999997913837433,0.3,3
0,1.0,0.0,1.0,0.0,0,0.0,-1.0099999904632568,0.9099999666213989,0.3,1
0,1.0,0.0,1.0,0.0,0,0.0,-1.0,0.6800000071525574,0.8,1
0,1.0,1.0,0.0,0.0,0,0.0,1.0,0.0,0.0,0
0,1.0,0.0,1.0,0.0,0,0.0,-1.0,0.875,0.5,3
0,1.0,1.0,0.0,0.0,0,0.0,1.0,0.0,0.0,0
0,1.0,1.0,0.0,0.0,0,0.0,1.0,0.0,0.0,0
0,1.0,0.0,1.0,0.0,0,0.0,-1.0,0.9200000166893005,0.2,1
0,1.0,0.0,1.0,0.0,0,0.0,-1.0,0.9099999666213989,0.3,1
0,1.0,0.0,1.0,0.0,0,0.0,-1.0,0.875,0.5,1
0,1.0,0.0,1.0,0.0,0,0.0,-1.0,0.9099999666213989,0.3,1
0,0.99,0.044999998062849045,0.9549999833106995,0.010000001,0,1.0,-0.9429999589920044,0.8799999952316284,0.3,1
0,1.0,0.0,1.0,0.0,0,0.0,-1.000499963760376,0.9099999666213989,0.3,3
0,0.99,0.044999998062849045,0.9549999833106995,0.010000001,0,1.0,-0.9429999589920044,0.6549999713897705,1.0,0
0,1.0,0.0,1.0,0.0,0,0.0,-1.000499963760376,0.925000011920929,0.3,3
0,1.0,0.0,1.0,0.0,0,0.0,-1.0,0.9099999666213989,0.3,3
0,0.890837,0.4912334382534027,0.5087665319442749,0.10916299,1,0.0,-5.377771377563477,0.43376654386520386,0.3,1
0,1.0,0.0,1.0,0.0,0,0.0,-1.005458116531372,0.875,0.5,2
0,1.0,0.0,1.0,0.0,0,0.0,-1.0,0.940000057220459,0.2,1
0,1.0,1.0,0.0,0.0,0,0.0,1.0,0.0,0.0,0
0,1.0,0.0,1.0,0.0,0,0.0,-1.0,0.800000011920929,0.8,1
0,1.0,0.0,1.0,0.0,0,0.0,-1.0,0.75,1.0,1
0,1.0,0.0,1.0,0.0,0,0.0,-1.0,0.8500000238418579,0.5,1
0,1.0,1.0,0.0,0.0,0,0.0,1.0,0.0,0.0,0
0,1.0,1.0,0.0,0.0,0,0.0,1.0,0.0,0.0,0
0,1.0,0.0,1.0,0.0,0,0.0,-1.0,0.875,0.5,3
0,1.0,0.0,1.0,0.0,0,0.0,-1.0,0.5999999642372131,1.0,0
0,0.8,0.8999999761581421,0.10000000149011612,0.2,1,0.0,-4.860000133514404,0.02499999850988388,0.3,1
0,0.9980174,0.008921750821173191,0.99107825756073,0.0019826114,0,0.0,-0.9985008835792542,0.9410783052444458,0.2,1
0,1.0,1.0,0.0,0.0,0,0.0,0.9999008774757385,0.0,0.0,0
0,1.0,0.0,1.0,0.0,0,0.0,-1.0,0.875,0.5,2
0,0.99,0.044999998062849045,0.9549999833106995,0.010000001,0,1.0,-0.9429999589920044,0.8799999952316284,0.3,0
0,1.0,0.0,1.0,0.0,0,0.0,-1.000499963760376,0.6399999856948853,0.8,1
1,1.0,0.0,1.0,0.0,0,0.0,-1.0,0.75,1.0,0
1,0.8780151,0.5489320755004883,0.4510679244995117,0.121984914,1,0.0,-5.304686069488525,0.0010679066181182861,1.0,2
1,1.0,0.0,1.0,0.0,0,0.0,-1.0060992240905762,0.800000011920929,0.8,0
1,0.99,0.044999998062849045,0.9549999833106995,0.010000001,0,1.0,-0.9429999589920044,0.875,0.2,3
1,1.0,0.0,1.0,0.0,0,0.0,-1.000499963760376,0.925000011920929,0.3,0
1,0.9910871,0.04010827839374542,0.9598917365074158,0.008912951,0,0.0,-0.9491962194442749,0.6598917245864868,1.0,0
1,0.99,0.044999998062849045,0.9549999833106995,0.010000001,0,1.0,-0.9425542950630188,0.875,0.2,0
1,0.99,0.044999998062849045,0.9549999833106995,0.010000001,0,1.0,-0.9424999356269836,0.9050000309944153,0.2,0
1,1.0,0.0,1.0,0.0,0,0.0,-1.000499963760376,0.925000011920929,0.3,0
1,1.0,1.0,0.0,0.0,0,0.0,1.0,0.0,0.0,0
1,0.98,1.0,0.0,0.020000001,0,1.0,0.9369999766349792,0.0,0.0,0
1,1.0,0.0,1.0,0.0,0,0.0,-1.000499963760376,0.6399999856948853,0.8,0
1,1.0,0.0,1.0,0.0,0,0.0,-1.0,0.6800000071525574,0.8,3
1,1.0,1.0,0.0,0.0,0,0.0,1.0,0.0,0.0,0
1,1.0,0.0,1.0,0.0,0,0.0,-1.0,0.7000000476837158,1.0,0
1,1.0,0.0,1.0,0.0,0,0.0,-1.0,0.7999999523162842,0.5,0
1,1.0,0.0,1.0,0.0,0,0.0,-1.0,0.940000057220459,0.2,0
1,0.98,1.0,0.0,0.020000001,0,1.0,0.9369999766349792,0.0,0.0,0
1,1.0,0.0,1.0,0.0,0,0.0,-1.000499963760376,0.9099999666213989,0.3,0
1,0.99,0.044999998062849045,0.9549999833106995,0.010000001,0,1.0,-0.9429999589920044,0.7049999237060547,1.0,3
1,1.0,0.0,1.0,0.0,0,0.0,-1.000499963760376,0.9099999666213989,0.3,3
1,0.9003784,0.4482971131801605,0.5517028570175171,0.09962159,1,0.0,-5.432156562805176,0.35170283913612366,0.5,1
1,1.0,0.0,1.0,0.0,0,0.0,-1.0049810409545898,0.7599999904632568,0.8,1
1,1.0,0.0,1.0,0.0,0,0.0,-1.0,0.9200000166893005,0.2,1
1,1.0,0.0,1.0,0.0,0,0.0,-1.0,0.5999999642372131,1.0,0
1,1.0,1.0,0.0,0.0,0,0.0,1.0,0.0,0.0,0
1,0.99,0.044999998062849045,0.9549999833106995,0.010000001,0,1.0,-0.9429999589920044,0.9050000309944153,0.2,2
1,1.0,0.0,1.0,0.0,0,0.0,-1.000499963760376,0.9200000166893005,0.2,0
1,1.0,0.0,1.0,0.0,0,0.0,-1.0,0.925000011920929,0.3,0
1,0.995183,0.021676592528820038,0.9783234000205994,0.004817021,0,0.0,-0.972542941570282,0.6783233880996704,1.0,0
1,1.0,1.0,0.0,0.0,0,0.0,0.9997591376304626,0.0,0.0,0
1,1.0,0.0,1.0,0.0,0,0.0,-1.0,0.9500000476837158,0.2,0
1,0.96,1.0,0.0,0.040000003,0,1.0,0.8740000128746033,0.0,0.0,0
1,1.0,1.0,0.0,0.0,0,0.0,0.9990000128746033,0.0,0.0,0
1,1.0,1.0,0.0,0.0,0,0.0,1.0,0.0,0.0,0
1,1.0,1.0,0.0,0.0,0,0.0,1.0,0.0,0.0,0
1,1.0,0.0,1.0,0.0,0,0.0,-1.0,0.9500000476837158,0.2,3
1,0.96,1.0,0.0,0.040000003,0,1.0,0.8740000128746033,0.0,0.0,0
1,1.0,1.0,0.0,0.0,0,0.0,0.9990000128746033,0.0,0.0,0
1,1.0,0.0,1.0,0.0,0,0.0,-1.0,0.925000011920929,0.3,1
1,1.0,0.0,1.0,0.0,0,0.0,-1.0,0.7999999523162842,0.5,3
1,1.0,0.0,1.0,0.0,0,0.0,-1.0,0.875,0.5,0
1,1.0,1.0,0.0,0.0,0,0.0,1.0,0.0,0.0,0
1,1.0,0.0,1.0,0.0,0,0.0,-1.0,0.7999999523162842,0.5,0
1,1.0,0.0,1.0,0.0,0,0.0,-1.0,0.75,1.0,0
1,1.0,1.0,0.0,0.0,0,0.0,1.0,0.0,0.0,0
1,1.0,0.0,1.0,0.0,0,0.0,-1.0,0.6800000071525574,0.8,1
1,0.9665787,0.15039566159248352,0.8496043682098389,0.03342126,0,0.0,-0.8094989061355591,0.5996043682098389,1.0,0
1,1.0,1.0,0.0,0.0,0,0.0,0.9983289241790771,0.0,0.0,0
1,1.0,0.0,1.0,0.0,0,0.0,-1.0,0.75,1.0,0
1,1.0,0.0,1.0,0.0,0,0.0,-1.0,0.875,0.5,2
1,1.0,0.0,1.0,0.0,0,0.0,-1.0,0.875,0.5,3
1,1.0,1.0,0.0,0.0,0,0.0,1.0,0.0,0.0,0
1,0.8,0.8999999761581421,0.1000000536441803,0.2,1,0.0,-4.8600006103515625,-0.25999993085861206,0.8,2
1,1.0,0.0,1.0,0.0,0,0.0,-1.0099999904632568,0.940000057220459,0.2,1
1,1.0,0.0,1.0,0.0,0,0.0,-1.0,0.925000011920929,0.3,3
1,0.9494552,0.2274516075849533,0.7725483775138855,0.050544806,1,0.0,-5.711894512176514,0.41254836320877075,0.8,3
1,1.0,1.0,0.0,0.0,0,0.0,0.9974727630615234,0.0,0.0,0
1,0.98,1.0,0.0,0.020000001,0,1.0,0.9369999766349792,0.0,0.0,0
1,0.98,1.0,0.0,0.020000001,0,1.0,0.9375,0.0,0.0,0
1,1.0,0.0,1.0,0.0,0,0.0,-1.000499963760376,0.9200000166893005,0.2,0
1,1.0,0.0,1.0,0.0,0,0.0,-1.0,0.75,1.0,3
1,0.99,0.044999998062849045,0.9549999833106995,0.010000001,0,1.0,-0.9429999589920044,0.8799999952316284,0.3,3
1,1.0,1.0,0.0,0.0,0,0.0,0.9994999766349792,0.0,0.0,0
1,1.0,0.0,1.0,0.0,0,0.0,-1.0,0.9100000262260437,0.2,1
1,0.99730074,1.0,0.0,0.00269928,0,0.0,0.991497278213501,0.0,0.0,0
1,1.0,0.0,1.0,0.0,0,0.0,-1.0000674724578857,0.75,1.0,2
1,0.99,0.044999998062849045,0.9549999833106995,0.010000001,0,1.0,-0.9429999589920044,0.8649999499320984,0.3,0
1,0.99,0.044999998062849045,0.9549999833106995,0.010000001,0,1.0,-0.9424999356269836,0.7049999237060547,1.0,3
1,1.0,1.0,0.0,0.0,0,0.0,0.9994999766349792,0.0,0.0,0
1,1.0,0.0,1.0,0.0,0,0.0,-1.0,0.9500000476837158,0.2,1
1,0.98,1.0,0.0,0.020000001,0,1.0,0.9369999766349792,0.0,0.0,0
1,1.0,1.0,0.0,0.0,0,0.0,0.9994999766349792,0.0,0.0,0
1,1.0,1.0,0.0,0.0,0,0.0,1.0,0.0,0.0,0
1,1.0,1.0,0.0,0.0,0,0.0,1.0,0.0,0.0,0
1,1.0,0.0,1.0,0.0,0,0.0,-1.0,0.875,0.5,1
1,1.0,1.0,0.0,0.0,0,0.0,1.0,0.0,0.0,0
1,1.0,0.0,1.0,0.0,0,0.0,-1.0,0.5999999642372131,1.0,0
1,1.0,0.0,1.0,0.0,0,0.0,-1.0,0.9200000166893005,0.2,1
1,1.0,1.0,0.0,0.0,0,0.0,1.0,0.0,0.0,0
1,1.0,1.0,0.0,0.0,0,0.0,1.0,0.0,0.0,0
1,0.84146774,0.7133950591087341,0.28660494089126587,0.15853225,1,0.0,-5.096365928649902,-0.013395071029663086,1.0,1
1,0.9880931,0.05358104035258293,0.9464189410209656,0.011906899,0,0.0,-0.9388665556907654,0.7964189648628235,0.5,1
1,0.81258667,0.8433598875999451,0.15664011240005493,0.18741332,1,0.0,-4.931148529052734,-0.04335988312959671,0.8,3
1,0.99,0.044999998062849045,0.9549999833106995,0.010000001,0,1.0,-0.9513705968856812,0.7049999237060547,1.0,0
1,0.99,0.044999998062849045,0.9549999833106995,0.010000001,0,1.0,-0.9424999356269836,0.9050000309944153,0.2,1
1,1.0,0.0,1.0,0.0,0,0.0,-1.000499963760376,0.5999999642372131,1.0,2
1,0.99,0.044999998062849045,0.9549999833106995,0.010000001,0,1.0,-0.9429999589920044,0.8799999952316284,0.3,1
1,1.0,1.0,0.0,0.0,0,0.0,0.9994999766349792,0.0,0.0,0
1,1.0,0.0,1.0,0.0,0,0.0,-1.0,0.940000057220459,0.2,1
1,1.0,0.0,1.0,0.0,0,0.0,-1.0,0.925000011920929,0.3,3
1,0.99,0.044999998062849045,0.9549999833106995,0.010000001,0,1.0,-0.9429999589920044,0.8050000071525574,0.5,1
1,0.98,1.0,0.0,0.020000001,0,1.0,0.9375,0.0,0.0,0
1,0.99,0.044999998062849045,0.9549999833106995,0.010000001,0,1.0,-0.9424999356269836,0.8650000095367432,0.2,1
1,1.0,0.0,1.0,0.0,0,0.0,-1.000499963760376,0.75,1.0,1
1,1.0,0.0,1.0,0.0,0,0.0,-1.0,0.925000011920929,0.3,3
1,1.0,1.0,0.0,0.0,0,0.0,1.0,0.0,0.0,0
1,0.99,0.044999998062849045,0.9549999833106995,0.010000001,0,1.0,-0.9429999589920044,0.9050000309944153,0.2,1
1,0.99,0.044999998062849045,0.9549999833106995,0.010000001,0,1.0,-0.9424999356269836,0.8649999499320984,0.3,1
1,1.0,0.0,1.0,0.0,0,0.0,-1.000499963760376,0.6399999856948853,0.8,1
1,0.99,0.044999998062849045,0.9549999833106995,0.010000001,0,1.0,-0.9429999589920044,0.7149999737739563,0.8,0
1,1.0,0.0,1.0,0.0,0,0.0,-1.000499963760376,0.8500000238418579,0.5,2
1,0.99,0.044999998062849045,0.9549999833106995,0.010000001,0,1.0,-0.9429999589920044,0.5049999356269836,1.0,3
1,1.0,0.0,1.0,0.0,0,0.0,-1.000499963760376,0.75,1.0,2
1,0.99,0.044999998062849045,0.9549999833106995,0.010000001,0,1.0,-0.9429999589920044,0.8299999833106995,0.5,3
1,1.0,0.0,1.0,0.0,0,0.0,-1.000499963760376,0.925000011920929,0.3,3
1,1.0,1.0,0.0,0.0,0,0.0,1.0,0.0,0.0,0
1,1.0,0.0,1.0,0.0,0,0.0,-1.0,0.7999999523162842,0.5,1
1,1.0,0.0,1.0,0.0,0,0.0,-1.0,0.7000000476837158,1.0,0
1,1.0,0.0,1.0,0.0,0,0.0,-1.0,0.550000011920929,1.0,0
1,0.97369576,1.0,0.0,0.026304258,0,0.0,0.9171416163444519,0.0,0.0,0
1,0.97654825,0.10553285479545593,0.8944671154022217,0.023451746,0,0.0,-0.8656674027442932,0.5944671630859375,1.0,1
1,1.0,0.0,1.0,0.0,0,0.0,-1.0011725425720215,0.7000000476837158,1.0,2
1,1.0,0.0,1.0,0.0,0,0.0,-1.0,0.5999999642372131,1.0,0
1,1.0,1.0,0.0,0.0,0,0.0,1.0,0.0,0.0,0
1,1.0,1.0,0.0,0.0,0,0.0,1.0,0.0,0.0,0
1,1.0,0.0,1.0,0.0,0,0.0,-1.0,0.7749999761581421,0.5,3
1,0.8982078,0.45806509256362915,0.5419349074363708,0.10179224,1,0.0,-5.4197845458984375,0.22193492949008942,0.8,1
1,1.0,1.0,0.0,0.0,0,0.0,0.9949103593826294,0.0,0.0,0
1,0.96,1.0,0.0,0.040000003,0,1.0,0.8740000128746033,0.0,0.0,0
1,1.0,0.0,1.0,0.0,0,0.0,-1.0010000467300415,0.9099999666213989,0.3,0
1,1.0,0.0,1.0,0.0,0,0.0,-1.0,0.925000011920929,0.3,2
1,0.81021446,0.8540348410606384,0.14596514403820038,0.18978553,1,0.0,-4.918221950531006,-0.21403485536575317,0.8,1
1,1.0,0.0,1.0,0.0,0,0.0,-1.0094892978668213,0.5999999642372131,1.0,0
1,0.99,0.044999998062849045,0.9549999833106995,0.010000001,0,1.0,-0.9429999589920044,0.8299999833106995,0.5,1
1,1.0,0.0,1.0,0.0,0,0.0,-1.000499963760376,0.875,0.5,1
1,1.0,0.0,1.0,0.0,0,0.0,-1.0,0.925000011920929,0.3,0
1,1.0,1.0,0.0,0.0,0,0.0,1.0,0.0,0.0,0
1,0.98,1.0,0.0,0.020000001,0,1.0,0.9369999766349792,0.0,0.0,0
1,1.0,0.0,1.0,0.0,0,0.0,-1.000499963760376,0.800000011920929,0.8,3
1,0.98,1.0,0.0,0.020000001,0,1.0,0.9369999766349792,0.0,0.0,0
1,1.0,0.0,1.0,0.0,0,0.0,-1.000499963760376,0.925000011920929,0.3,0
1,1.0,1.0,0.0,0.0,0,0.0,1.0,0.0,0.0,0
1,0.98,1.0,0.0,0.020000001,0,1.0,0.9369999766349792,0.0,0.0,0
1,0.99,0.044999998062849045,0.9549999833106995,0.010000001,0,1.0,-0.9424999356269836,0.7049999237060547,1.0,1
1,1.0,0.0,1.0,0.0,0,0.0,-1.000499963760376,0.9200000166893005,0.2,3
1,1.0,0.0,1.0,0.0,0,0.0,-1.0,0.7999999523162842,0.5,1
1,1.0,0.0,1.0,0.0,0,0.0,-1.0,0.925000011920929,0.3,1
1,1.0,1.0,0.0,0.0,0,0.0,1.0,0.0,0.0,0
1,1.0,0.0,1.0,0.0,0,0.0,-1.0,0.75,1.0,1
1,0.99,0.044999998062849045,0.9549999833106995,0.010000001,0,1.0,-0.9429999589920044,0.9050000309944153,0.2,0
1,0.9941934,0.026129892095923424,0.9738701581954956,0.005806643,0,0.0,-0.9668216109275818,0.9138702154159546,0.2,3
1,0.99,0.044999998062849045,0.9549999833106995,0.010000001,0,1.0,-0.9427096247673035,0.8799999952316284,0.3,2
1,1.0,1.0,0.0,0.0,0,0.0,0.9994999766349792,0.0,0.0,0
1,1.0,0.0,1.0,0.0,0,0.0,-1.0,0.7999999523162842,0.5,2
1,1.0,0.0,1.0,0.0,0,0.0,-1.0,0.7000000476837158,1.0,2
1,1.0,1.0,0.0,0.0,0,0.0,1.0,0.0,0.0,0
1,1.0,0.0,1.0,0.0,0,0.0,-1.0,0.925000011920929,0.3,1
1,1.0,0.0,1.0,0.0,0,0.0,-1.0,0.7000000476837158,1.0,1
1,1.0,0.0,1.0,0.0,0,0.0,-1.0,0.940000057220459,0.2,3
1,1.0,0.0,1.0,0.0,0,0.0,-1.0,0.7999999523162842,0.5,1
1,1.0,0.0,1.0,0.0,0,0.0,-1.0,0.75,1.0,3
1,0.9344145,0.29513469338417053,0.7048653364181519,0.06558549,1,0.0,-5.626163005828857,0.45486530661582947,1.0,2
1,0.8,0.8999999761581421,0.1000000536441803,0.2,1,0.0,-4.856720924377441,-0.21999993920326233,0.8,3
1,1.0,0.0,1.0,0.0,0,0.0,-1.0099999904632568,0.800000011920929,0.8,0
1,1.0,0.0,1.0,0.0,0,0.0,-1.0,0.925000011920929,0.3,1
1,1.0,0.0,1.0,0.0,0,0.0,-1.0,0.9500000476837158,0.2,3
1,0.99,0.044999998062849045,0.9549999833106995,0.010000001,0,1.0,-0.9429999589920044,0.8950000405311584,0.2,2
1,1.0,0.0,1.0,0.0,0,0.0,-1.000499963760376,0.9200000166893005,0.2,3
1,1.0,0.0,1.0,0.0,0,0.0,-1.0,0.9200000166893005,0.2,2
1,1.0,0.0,1.0,0.0,0,0.0,-1.0,0.75,1.0,0
1,1.0,0.0,1.0,0.0,0,0.0,-1.0,0.8500000238418579,0.5,3
1,1.0,1.0,0.0,0.0,0,0.0,1.0,0.0,0.0,0
1,1.0,1.0,0.0,0.0,0,0.0,1.0,0.0,0.0,0
1,1.0,0.0,1.0,0.0,0,0.0,-1.0,0.925000011920929,0.3,0
1,0.99,0.044999998062849045,0.9549999833106995,0.010000001,0,1.0,-0.9429999589920044,0.8799999952316284,0.3,3
1,1.0,0.0,1.0,0.0,0,0.0,-1.000499963760376,0.6800000071525574,0.8,3
1,0.99,0.044999998062849045,0.9549999833106995,0.010000001,0,1.0,-0.9429999589920044,0.9050000309944153,0.2,0
1,1.0,0.0,1.0,0.0,0,0.0,-1.000499963760376,0.875,0.5,0
1,0.99,0.044999998062849045,0.9549999833106995,0.010000001,0,1.0,-0.9429999589920044,0.5549999475479126,1.0,0
1,0.98,1.0,0.0,0.020000001,0,1.0,0.9375,0.0,0.0,0
1,1.0,0.0,1.0,0.0,0,0.0,-1.000499963760376,0.925000011920929,0.3,3
1,1.0,1.0,0.0,0.0,0,0.0,1.0,0.0,0.0,0
1,1.0,0.0,1.0,0.0,0,0.0,-1.0,0.9500000476837158,0.2,1
1,1.0,1.0,0.0,0.0,0,0.0,1.0,0.0,0.0,0
1,0.98,1.0,0.0,0.020000001,0,1.0,0.9369999766349792,0.0,0.0,0
1,0.99,0.044999998062849045,0.9549999833106995,0.010000001,0,1.0,-0.9424999356269836,0.5549999475479126,1.0,2
1,0.99,0.044999998062849045,0.9549999833106995,0.010000001,0,1.0,-0.9424999356269836,0.7300000190734863,0.5,3
1,1.0,0.0,1.0,0.0,0,0.0,-1.000499963760376,0.75,1.0,2
1,0.835068,0.7421939373016357,0.25780606269836426,0.164932,1,0.0,-5.059887886047363,0.13280606269836426,0.5,0
1,1.0,0.0,1.0,0.0,0,0.0,-1.0082465410232544,0.9100000262260437,0.2,3
1,0.991615,0.03773253783583641,0.9622674584388733,0.008385009,0,0.0,-0.9522054195404053,0.9022675156593323,0.2,2
1,0.990809,0.0413593128323555,0.9586406946182251,0.009190959,0,0.0,-0.9471923112869263,0.8786407113075256,0.2,3
1,1.0,0.0,1.0,0.0,0,0.0,-1.0004595518112183,0.925000011920929,0.3,3
1,1.0,0.0,1.0,0.0,0,0.0,-1.0,0.875,0.5,0
1,0.8,0.8999999761581421,0.1000000536441803,0.2,1,0.0,-4.8600006103515625,-0.21999993920326233,0.8,1
1,1.0,0.0,1.0,0.0,0,0.0,-1.0099999904632568,0.800000011920929,0.8,3
1,1.0,0.0,1.0,0.0,0,0.0,-1.0,0.925000011920929,0.3,1
1,1.0,1.0,0.0,0.0,0,0.0,1.0,0.0,0.0,0
1,1.0,0.0,1.0,0.0,0,0.0,-1.0,0.9200000166893005,0.2,3
1,1.0,1.0,0.0,0.0,0,0.0,1.0,0.0,0.0,0
1,1.0,1.0,0.0,0.0,0,0.0,1.0,0.0,0.0,0
1,1.0,1.0,0.0,0.0,0,0.0,1.0,0.0,0.0,0
1,1.0,1.0,0.0,0.0,0,0.0,1.0,0.0,0.0,0
1,1.0,0.0,1.0,0.0,0,0.0,-1.0,0.75,1.0,0
1,1.0,0.0,1.0,0.0,0,0.0,-1.0,0.5999999642372131,1.0,1
1,1.0,0.0,1.0,0.0,0,0.0,-1.0,0.9099999666213989,0.3,1
1,1.0,1.0,0.0,0.0,0,0.0,1.0,0.0,0.0,0
1,1.0,0.0,1.0,0.0,0,0.0,-1.0,0.925000011920929,0.3,3
1,1.0,0.0,1.0,0.0,0,0.0,-1.0,0.9200000166893005,0.2,3
1,1.0,0.0,1.0,0.0,0,0.0,-1.0,0.925000011920929,0.3,3
1,0.99,0.044999998062849045,0.9549999833106995,0.010000001,0,1.0,-0.9429999589920044,0.7049999237060547,1.0,2
1,1.0,0.0,1.0,0.0,0,0.0,-1.000499963760376,0.875,0.5,0
1,0.99,0.044999998062849045,0.9549999833106995,0.010000001,0,1.0,-0.9429999589920044,0.8950000405311584,0.2,0
1,0.99,0.044999998062849045,0.9549999833106995,0.010000001,0,1.0,-0.9424999356269836,0.7549999952316284,0.8,3
1,1.0,0.0,1.0,0.0,0,0.0,-1.000499963760376,0.7999999523162842,0.5,0
1,1.0,0.0,1.0,0.0,0,0.0,-1.0,0.9500000476837158,0.2,3
1,1.0,0.0,1.0,0.0,0,0.0,-1.0,0.9500000476837158,0.2,0
1,1.0,0.0,1.0,0.0,0,0.0,-1.0,0.9099999666213989,0.3,0
1,0.9355587,0.28998586535453796,0.7100141048431396,0.06444131,1,0.0,-5.632684230804443,0.6350141167640686,0.3,1
1,1.0,1.0,0.0,0.0,0,0.0,0.9967779517173767,0.0,0.0,0
1,1.0,0.0,1.0,0.0,0,0.0,-1.0,0.5999999642372131,1.0,0
1,1.0,1.0,0.0,0.0,0,0.0,1.0,0.0,0.0,0
1,1.0,0.0,1.0,0.0,0,0.0,-1.0,0.550000011920929,1.0,1
1,0.8739716,0.5671280026435852,0.4328719973564148,0.12602845,1,0.0,-5.281638145446777,0.07287199795246124,0.8,0
1,1.0,1.0,0.0,0.0,0,0.0,0.9936985969543457,0.0,0.0,0
1,0.9915609,0.03797603026032448,0.9620239734649658,0.008439118,0,0.0,-0.9518970251083374,0.8820239901542664,0.2,2
1,1.0,0.0,1.0,0.0,0,0.0,-1.0004220008850098,0.9200000166893005,0.2,0
1,0.98,1.0,0.0,0.020000001,0,1.0,0.9369999766349792,0.0,0.0,0
1,1.0,1.0,0.0,0.0,0,0.0,0.9994999766349792,0.0,0.0,0
1,1.0,0.0,1.0,0.0,0,0.0,-1.0,0.6399999856948853,0.8,3
1,1.0,0.0,1.0,0.0,0,0.0,-1.0,0.9500000476837158,0.2,0
1,1.0,1.0,0.0,0.0,0,0.0,1.0,0.0,0.0,0
1,1.0,0.0,1.0,0.0,0,0.0,-1.0,0.6800000071525574,0.8,1
1,1.0,1.0,0.0,0.0,0,0.0,1.0,0.0,0.0,0
1,1.0,0.0,1.0,0.0,0,0.0,-1.0,0.875,0.5,3
1,1.0,0.0,1.0,0.0,0,0.0,-1.0,0.6399999856948853,0.8,0
1,1.0,0.0,1.0,0.0,0,0.0,-1.0,0.9200000166893005,0.2,0
1,0.99,0.044999998062849045,0.9549999833106995,0.010000001,0,1.0,-0.9429999589920044,0.7549999952316284,0.8,2
1,0.99,0.044999998062849045,0.9549999833106995,0.010000001,0,1.0,-0.9424999356269836,0.8950000405311584,0.2,3
1,1.0,0.0,1.0,0.0,0,0.0,-1.000499963760376,0.550000011920929,1.0,2
1,1.0,0.0,1.0,0.0,0,0.0,-1.0,0.9500000476837158,0.2,0
1,0.99,0.044999998062849045,0.9549999833106995,0.010000001,0,1.0,-0.9429999589920044,0.8649999499320984,0.3,3
1,1.0,1.0,0.0,0.0,0,0.0,0.9994999766349792,0.0,0.0,0
1,1.0,0.0,1.0,0.0,0,0.0,-1.0,0.5999999642372131,1.0,1
1,0.8319813,0.7560842037200928,0.24391579627990723,0.16801873,1,0.0,-5.042293548583984,0.11891579627990723,0.5,2
1,1.0,0.0,1.0,0.0,0,0.0,-1.0084009170532227,0.550000011920929,1.0,1
1,1.0,0.0,1.0,0.0,0,0.0,-1.0,0.7000000476837158,1.0,3
1,1.0,0.0,1.0,0.0,0,0.0,-1.0,0.940000057220459,0.2,1
1,1.0,0.0,1.0,0.0,0,0.0,-1.0,0.9200000166893005,0.2,1
1,1.0,1.0,0.0,0.0,0,0.0,1.0,0.0,0.0,0
1,1.0,0.0,1.0,0.0,0,0.0,-1.0,0.5999999642372131,1.0,0
1,0.9270502,0.32827433943748474,0.6717256903648376,0.07294985,1,0.0,-5.58418607711792,0.4317256808280945,0.8,1
1,1.0,0.0,1.0,0.0,0,0.0,-1.0036474466323853,0.9500000476837158,0.2,2
1,1.0,1.0,0.0,0.0,0,0.0,1.0,0.0,0.0,0
1,1.0,0.0,1.0,0.0,0,0.0,-1.0,0.7999999523162842,0.5,0
1,1.0,0.0,1.0,0.0,0,0.0,-1.0,0.5999999642372131,1.0,0
1,1.0,0.0,1.0,0.0,0,0.0,-1.0,0.9500000476837158,0.2,0
1,0.99,0.044999998062849045,0.9549999833106995,0.010000001,0,1.0,-0.9429999589920044,0.7049999237060547,1.0,1
1,1.0,1.0,0.0,0.0,0,0.0,0.9994999766349792,0.0,0.0,0
1,1.0,0.0,1.0,0.0,0,0.0,-1.0,0.940000057220459,0.2,1
1,1.0,0.0,1.0,0.0,0,0.0,-1.0,0.7999999523162842,0.5,2
1,1.0,0.0,1.0,0.0,0,0.0,-1.0,0.940000057220459,0.2,0
1,1.0,0.0,1.0,0.0,0,0.0,-1.0,0.925000011920929,0.3,1
1,1.0,0.0,1.0,0.0,0,0.0,-1.0,0.925000011920929,0.3,0
1,0.98,1.0,0.0,0.020000001,0,1.0,0.9369999766349792,0.0,0.0,0
1,0.99,0.044999998062849045,0.9549999833106995,0.010000001,0,1.0,-0.9424999356269836,0.8649999499320984,0.3,3
1,1.0,1.0,0.0,0.0,0,0.0,0.9994999766349792,0.0,0.0,0
1,1.0,1.0,0.0,0.0,0,0.0,1.0,0.0,0.0,0
1,1.0,0.0,1.0,0.0,0,0.0,-1.0,0.925000011920929,0.3,1
1,0.99,0.044999998062849045,0.9549999833106995,0.010000001,0,1.0,-0.9429999589920044,0.7049999237060547,1.0,0
1,1.0,0.0,1.0,0.0,0,0.0,-1.000499963760376,0.7000000476837158,1.0,3
1,0.9828399,0.0772206112742424,0.922779381275177,0.017160136,0,0.0,-0.9021872282028198,0.797779381275177,0.5,3
1,1.0,0.0,1.0,0.0,0,0.0,-1.000857949256897,0.875,0.5,2
1,1.0,1.0,0.0,0.0,0,0.0,1.0,0.0,0.0,0
1,1.0,1.0,0.0,0.0,0,0.0,1.0,0.0,0.0,0
1,1.0,0.0,1.0,0.0,0,0.0,-1.0,0.875,0.5,0
1,0.818988,0.8145537972450256,0.18544620275497437,0.18101196,1,0.0,-4.968231678009033,-0.06455380469560623,1.0,2
1,1.0,1.0,0.0,0.0,0,0.0,0.9909493923187256,0.0,0.0,0
1,1.0,0.0,1.0,0.0,0,0.0,-1.0,0.5999999642372131,1.0,1
1,1.0,0.0,1.0,0.0,0,0.0,-1.0,0.800000011920929,0.8,1
1,0.9851916,0.06663795560598373,0.9333620667457581,0.014808434,0,0.0,-0.9155919551849365,0.5333620309829712,1.0,3
1,1.0,0.0,1.0,0.0,0,0.0,-1.0007404088974,0.7000000476837158,1.0,3
1,1.0,1.0,0.0,0.0,0,0.0,1.0,0.0,0.0,0
1,1.0,1.0,0.0,0.0,0,0.0,1.0,0.0,0.0,0
1,1.0,0.0,1.0,0.0,0,0.0,-1.0,0.9099999666213989,0.3,1
1,1.0,1.0,0.0,0.0,0,0.0,1.0,0.0,0.0,0
1,1.0,1.0,0.0,0.0,0,0.0,1.0,0.0,0.0,0
1,1.0,0.0,1.0,0.0,0,0.0,-1.0,0.925000011920929,0.3,3
1,1.0,1.0,0.0,0.0,0,0.0,1.0,0.0,0.0,0
1,1.0,0.0,1.0,0.0,0,0.0,-1.0,0.75,1.0,1
1,1.0,0.0,1.0,0.0,0,0.0,-1.0,0.875,0.5,1
1,1.0,1.0,0.0,0.0,0,0.0,1.0,0.0,0.0,0
1,1.0,0.0,1.0,0.0,0,0.0,-1.0,0.8500000238418579,0.5,1
1,0.87594366,0.5582535266876221,0.44174647331237793,0.12405634,1,0.0,-5.2928786277771,0.19174647331237793,1.0,0
1,0.98,1.0,0.0,0.020000001,0,1.0,0.931797206401825,0.0,0.0,0
1,1.0,1.0,0.0,0.0,0,0.0,0.9994999766349792,0.0,0.0,0
1,1.0,0.0,1.0,0.0,0,0.0,-1.0,0.9099999666213989,0.3,0
1,1.0,0.0,1.0,0.0,0,0.0,-1.0,0.6800000071525574,0.8,2
1,1.0,1.0,0.0,0.0,0,0.0,1.0,0.0,0.0,0
1,1.0,1.0,0.0,0.0,0,0.0,1.0,0.0,0.0,0
1,1.0,0.0,1.0,0.0,0,0.0,-1.0,0.7599999904632568,0.8,1
1,1.0,0.0,1.0,0.0,0,0.0,-1.0,0.75,1.0,1
1,1.0,1.0,0.0,0.0,0,0.0,1.0,0.0,0.0,0
1,1.0,0.0,1.0,0.0,0,0.0,-1.0,0.9500000476837158,0.2,0
1,1.0,1.0,0.0,0.0,0,0.0,1.0,0.0,0.0,0
1,1.0,1.0,0.0,0.0,0,0.0,1.0,0.0,0.0,0
1,1.0,0.0,1.0,0.0,0,0.0,-1.0,0.800000011920929,0.8,0
1,0.87831396,0.5475872755050659,0.4524127244949341,0.12168606,1,0.0,-5.306389331817627,0.09241272509098053,0.8,1
1,0.98,1.0,0.0,0.020000001,0,1.0,0.9319157004356384,0.0,0.0,0
1,0.99,0.044999998062849045,0.9549999833106995,0.010000001,0,1.0,-0.9424999356269836,0.7549999952316284,0.8,1
1,1.0,0.0,1.0,0.0,0,0.0,-1.000499963760376,0.7000000476837158,1.0,2
1,1.0,0.0,1.0,0.0,0,0.0,-1.0,0.9500000476837158,0.2,0
1,0.99,0.044999998062849045,0.9549999833106995,0.010000001,0,1.0,-0.9429999589920044,0.9050000309944153,0.2,1
1,1.0,0.0,1.0,0.0,0,0.0,-1.000499963760376,0.7599999904632568,0.8,1
1,0.98065543,1.0,0.0,0.019344581,0,0.0,0.9390645623207092,0.0,0.0,0
1,0.99,0.044999998062849045,0.9549999833106995,0.010000001,0,1.0,-0.9425163269042969,0.8050000071525574,0.5,3
1,1.0,0.0,1.0,0.0,0,0.0,-1.000499963760376,0.9500000476837158,0.2,3
1,0.99,0.044999998062849045,0.9549999833106995,0.010000001,0,1.0,-0.9429999589920044,0.7549999952316284,0.8,0
1,1.0,0.0,1.0,0.0,0,0.0,-1.000499963760376,0.800000011920929,0.8,2
1,1.0,0.0,1.0,0.0,0,0.0,-1.0,0.9500000476837158,0.2,2
1,1.0,0.0,1.0,0.0,0,0.0,-1.0,0.925000011920929,0.3,1
1,1.0,0.0,1.0,0.0,0,0.0,-1.0,0.9099999666213989,0.3,1
1,0.96,1.0,0.0,0.040000003,0,1.0,0.8740000128746033,0.0,0.0,0
1,1.0,0.0,1.0,0.0,0,0.0,-1.0010000467300415,0.8500000238418579,0.5,2
1,1.0,0.0,1.0,0.0,0,0.0,-1.0,0.925000011920929,0.3,1
1,1.0,0.0,1.0,0.0,0,0.0,-1.0,0.6399999856948853,0.8,0
1,1.0,0.0,1.0,0.0,0,0.0,-1.0,0.75,1.0,2
1,1.0,0.0,1.0,0.0,0,0.0,-1.0,0.925000011920929,0.3,1
1,0.97496855,0.11264155805110931,0.8873584270477295,0.02503146,0,0.0,-0.8573206663131714,0.8123584389686584,0.3,2
1,1.0,0.0,1.0,0.0,0,0.0,-1.0012515783309937,0.875,0.5,2
1,1.0,0.0,1.0,0.0,0,0.0,-1.0,0.5999999642372131,1.0,1
1,0.881973,0.5311212539672852,0.46887871623039246,0.11802695,1,0.0,-5.327246189117432,0.37887871265411377,0.3,2
1,1.0,0.0,1.0,0.0,0,0.0,-1.0059013366699219,0.5999999642372131,1.0,0
1,0.96,1.0,0.0,0.040000003,0,1.0,0.8740000128746033,0.0,0.0,0
1,1.0,0.0,1.0,0.0,0,0.0,-1.0010000467300415,0.9500000476837158,0.2,2
1,0.9173978,0.3717099726200104,0.628290057182312,0.082602225,1,0.0,-5.529167175292969,0.17829003930091858,1.0,1
1,1.0,1.0,0.0,0.0,0,0.0,0.9958698749542236,0.0,0.0,0
1,1.0,1.0,0.0,0.0,0,0.0,1.0,0.0,0.0,0
1,1.0,0.0,1.0,0.0,0,0.0,-1.0,0.5999999642372131,1.0,3
1,1.0,0.0,1.0,0.0,0,0.0,-1.0,0.9500000476837158,0.2,2
1,1.0,0.0,1.0,0.0,0,0.0,-1.0,0.5999999642372131,1.0,2
1,1.0,0.0,1.0,0.0,0,0.0,-1.0,0.9500000476837158,0.2,2
1,1.0,1.0,0.0,0.0,0,0.0,1.0,0.0,0.0,0
1,0.99,0.044999998062849045,0.9549999833106995,0.010000001,0,1.0,-0.9429999589920044,0.875,0.2,1
1,1.0,1.0,0.0,0.0,0,0.0,0.9994999766349792,0.0,0.0,0
1,0.98,1.0,0.0,0.020000001,0,1.0,0.9369999766349792,0.0,0.0,0
1,1.0,0.0,1.0,0.0,0,0.0,-1.000499963760376,0.9100000262260437,0.2,2
1,0.98,1.0,0.0,0.020000001,0,1.0,0.9369999766349792,0.0,0.0,0
1,0.99,0.044999998062849045,0.9549999833106995,0.010000001,0,1.0,-0.9424999356269836,0.5549999475479126,1.0,2
1,1.0,0.0,1.0,0.0,0,0.0,-1.000499963760376,0.9099999666213989,0.3,1
1,1.0,0.0,1.0,0.0,0,0.0,-1.0,0.6800000071525574,0.8,1
1,1.0,1.0,0.0,0.0,0,0.0,1.0,0.0,0.0,0
1,1.0,0.0,1.0,0.0,0,0.0,-1.0,0.925000011920929,0.3,0
1,1.0,0.0,1.0,0.0,0,0.0,-1.0,0.9500000476837158,0.2,1
1,1.0,1.0,0.0,0.0,0,0.0,1.0,0.0,0.0,0
1,1.0,0.0,1.0,0.0,0,0.0,-1.0,0.6800000071525574,0.8,2
1,1.0,1.0,0.0,0.0,0,0.0,1.0,0.0,0.0,0
1,0.96,1.0,0.0,0.040000003,0,1.0,0.8740000128746033,0.0,0.0,0
1,0.9533425,0.2099587619304657,0.7900412678718567,0.046657503,0,0.0,-0.7330523133277893,0.7000412344932556,0.3,1
1,0.88873655,0.5006853938102722,0.4993146061897278,0.11126343,1,0.0,-5.363465309143066,0.04931458830833435,1.0,2
1,0.99,0.044999998062849045,0.9549999833106995,0.010000001,0,1.0,-0.947563111782074,0.9050000309944153,0.2,3
1,1.0,0.0,1.0,0.0,0,0.0,-1.000499963760376,0.6399999856948853,0.8,1
1,1.0,0.0,1.0,0.0,0,0.0,-1.0,0.75,1.0,3
1,1.0,0.0,1.0,0.0,0,0.0,-1.0,0.9500000476837158,0.2,2
1,1.0,1.0,0.0,0.0,0,0.0,1.0,0.0,0.0,0
1,0.8300404,0.7648181319236755,0.23518189787864685,0.16995959,1,0.0,-5.031230449676514,0.1551818996667862,0.2,1
1,1.0,0.0,1.0,0.0,0,0.0,-1.008497953414917,0.5999999642372131,1.0,2
1,1.0,0.0,1.0,0.0,0,0.0,-1.0,0.9099999666213989,0.3,1
1,1.0,1.0,0.0,0.0,0,0.0,1.0,0.0,0.0,0
1,1.0,0.0,1.0,0.0,0,0.0,-1.0,0.925000011920929,0.3,0
1,0.99,0.044999998062849045,0.9549999833106995,0.010000001,0,1.0,-0.9429999589920044,0.9050000309944153,0.2,2
1,0.99,0.044999998062849045,0.9549999833106995,0.010000001,0,1.0,-0.9424999356269836,0.7049999237060547,1.0,3
1,1.0,0.0,1.0,0.0,0,0.0,-1.000499963760376,0.5999999642372131,1.0,1
1,1.0,1.0,0.0,0.0,0,0.0,1.0,0.0,0.0,0
1,0.99,0.044999998062849045,0.9549999833106995,0.010000001,0,1.0,-0.9429999589920044,0.875,0.2,3
1,1.0,0.0,1.0,0.0,0,0.0,-1.000499963760376,0.9100000262260437,0.2,2
1,1.0,0.0,1.0,0.0,0,0.0,-1.0,0.875,0.5,0
1,0.99797356,0.009119081310927868,0.9908809065818787,0.0020264627,0,0.0,-0.9884491562843323,0.9158809185028076,0.3,1
1,1.0,0.0,1.0,0.0,0,0.0,-1.0001013278961182,0.9200000166893005,0.2,3
1,1.0,0.0,1.0,0.0,0,0.0,-1.0,0.6800000071525574,0.8,0
1,1.0,1.0,0.0,0.0,0,0.0,1.0,0.0,0.0,0
1,1.0,0.0,1.0,0.0,0,0.0,-1.0,0.925000011920929,0.3,2
1,0.99,0.044999998062849045,0.9549999833106995,0.010000001,0,1.0,-0.9429999589920044,0.6349999904632568,0.8,3
1,0.99,0.044999998062849045,0.9549999833106995,0.010000001,0,1.0,-0.9424999356269836,0.7300000190734863,0.5,1
1,1.0,1.0,0.0,0.0,0,0.0,0.9994999766349792,0.0,0.0,0
1,1.0,0.0,1.0,0.0,0,0.0,-1.0,0.9500000476837158,0.2,2
1,1.0,1.0,0.0,0.0,0,0.0,1.0,0.0,0.0,0
1,1.0,1.0,0.0,0.0,0,0.0,1.0,0.0,0.0,0
1,1.0,0.0,1.0,0.0,0,0.0,-1.0,0.875,0.5,2
1,1.0,0.0,1.0,0.0,0,0.0,-1.0,0.5999999642372131,1.0,3
1,1.0,0.0,1.0,0.0,0,0.0,-1.0,0.6800000071525574,0.8,3
1,1.0,0.0,1.0,0.0,0,0.0,-1.0,0.9099999666213989,0.3,3
1,1.0,0.0,1.0,0.0,0,0.0,-1.0,0.9099999666213989,0.3,0
1,1.0,0.0,1.0,0.0,0,0.0,-1.0,0.75,1.0,1
1,1.0,0.0,1.0,0.0,0,0.0,-1.0,0.6800000071525574,0.8,3
1,1.0,0.0,1.0,0.0,0,0.0,-1.0,0.9500000476837158,0.2,3
1,1.0,0.0,1.0,0.0,0,0.0,-1.0,0.800000011920929,0.8,1
1,1.0,0.0,1.0,0.0,0,0.0,-1.0,0.875,0.5,1
1,1.0,0.0,1.0,0.0,0,0.0,-1.0,0.7749999761581421,0.5,0
1,1.0,0.0,1.0,0.0,0,0.0,-1.0,0.9500000476837158,0.2,0
1,1.0,0.0,1.0,0.0,0,0.0,-1.0,0.9099999666213989,0.3,3
1,1.0,1.0,0.0,0.0,0,0.0,1.0,0.0,0.0,0
1,1.0,0.0,1.0,0.0,0,0.0,-1.0,0.925000011920929,0.3,0
1,1.0,0.0,1.0,0.0,0,0.0,-1.0,0.9099999666213989,0.3,3
1,1.0,1.0,0.0,0.0,0,0.0,1.0,0.0,0.0,0
1,1.0,0.0,1.0,0.0,0,0.0,-1.0,0.6800000071525574,0.8,0
1,1.0,0.0,1.0,0.0,0,0.0,-1.0,0.925000011920929,0.3,1
1,1.0,0.0,1.0,0.0,0,0.0,-1.0,0.800000011920929,0.8,2
1,1.0,0.0,1.0,0.0,0,0.0,-1.0,0.9200000166893005,0.2,1
1,1.0,0.0,1.0,0.0,0,0.0,-1.0,0.7000000476837158,1.0,1
1,1.0,0.0,1.0,0.0,0,0.0,-1.0,0.8500000238418579,0.5,0
1,1.0,0.0,1.0,0.0,0,0.0,-1.0,0.9500000476837158,0.2,0
1,1.0,0.0,1.0,0.0,0,0.0,-1.0,0.7599999904632568,0.8,1
1,1.0,0.0,1.0,0.0,0,0.0,-1.0,0.9500000476837158,0.2,0
1,1.0,0.0,1.0,0.0,0,0.0,-1.0,0.9200000166893005,0.2,1
1,1.0,0.0,1.0,0.0,0,0.0,-1.0,0.75,1.0,3
1,1.0,0.0,1.0,0.0,0,0.0,-1.0,0.9500000476837158,0.2,3
1,1.0,0.0,1.0,0.0,0,0.0,-1.0,0.940000057220459,0.2,0
1,1.0,0.0,1.0,0.0,0,0.0,-1.0,0.75,1.0,0
1,1.0,1.0,0.0,0.0,0,0.0,1.0,0.0,0.0,0
1,1.0,1.0,0.0,0.0,0,0.0,1.0,0.0,0.0,0
1,0.9928905,0.03199274465441704,0.9680072665214539,0.007109499,0,0.0,-0.9594758749008179,0.7430073022842407,0.5,0
1,0.8,0.8999999761581421,0.1000000536441803,0.2,1,0.0,-4.859644889831543,0.04000005125999451,0.2,2
1,1.0,1.0,0.0,0.0,0,0.0,0.9900000095367432,0.0,0.0,0
1,0.96,1.0,0.0,0.040000003,0,1.0,0.8740000128746033,0.0,0.0,0
1,1.0,1.0,0.0,0.0,0,0.0,0.9990000128746033,0.0,0.0,0
1,1.0,1.0,0.0,0.0,0,0.0,1.0,0.0,0.0,0
1,1.0,0.0,1.0,0.0,0,0.0,-1.0,0.6800000071525574,0.8,2
1,0.96,1.0,0.0,0.040000003,0,1.0,0.8740000128746033,0.0,0.0,0
1,0.8509576,0.6706909537315369,0.32930904626846313,0.14904244,1,0.0,-5.149457931518555,-0.1206909716129303,1.0,0
1,1.0,0.0,1.0,0.0,0,0.0,-1.007452130317688,0.9500000476837158,0.2,1
1,1.0,1.0,0.0,0.0,0,0.0,1.0,0.0,0.0,0
1,1.0,0.0,1.0,0.0,0,0.0,-1.0,0.9200000166893005,0.2,3
1,1.0,0.0,1.0,0.0,0,0.0,-1.0,0.9500000476837158,0.2,1
1,1.0,0.0,1.0,0.0,0,0.0,-1.0,0.800000011920929,0.8,1
1,1.0,0.0,1.0,0.0,0,0.0,-1.0,0.75,1.0,3
1,1.0,0.0,1.0,0.0,0,0.0,-1.0,0.800000011920929,0.8,1
1,1.0,0.0,1.0,0.0,0,0.0,-1.0,0.8500000238418579,0.5,0
1,1.0,1.0,0.0,0.0,0,0.0,1.0,0.0,0.0,0
1,1.0,0.0,1.0,0.0,0,0.0,-1.0,0.6800000071525574,0.8,2
1,1.0,0.0,1.0,0.0,0,0.0,-1.0,0.800000011920929,0.8,0
1,1.0,0.0,1.0,0.0,0,0.0,-1.0,0.875,0.5,0
1,1.0,1.0,0.0,0.0,0,0.0,1.0,0.0,0.0,0
1,1.0,1.0,0.0,0.0,0,0.0,1.0,0.0,0.0,0
1,1.0,1.0,0.0,0.0,0,0.0,1.0,0.0,0.0,0
1,1.0,0.0,1.0,0.0,0,0.0,-1.0,0.9099999666213989,0.3,0
1,0.99,0.044999998062849045,0.9549999833106995,0.010000001,0,1.0,-0.9429999589920044,0.9050000309944153,0.2,2
1,1.0,0.0,1.0,0.0,0,0.0,-1.000499963760376,0.6399999856948853,0.8,0
1,1.0,0.0,1.0,0.0,0,0.0,-1.0,0.5999999642372131,1.0,1
1,1.0,0.0,1.0,0.0,0,0.0,-1.0,0.7000000476837158,1.0,0
1,1.0,0.0,1.0,0.0,0,0.0,-1.0,0.9500000476837158,0.2,3
1,0.9283959,0.3222183585166931,0.6777817010879517,0.07160408,1,0.0,-5.591856479644775,0.5977817177772522,0.2,0
1,0.99,0.044999998062849045,0.9549999833106995,0.010000001,0,1.0,-0.9455801248550415,0.8050000071525574,0.5,2
1,1.0,0.0,1.0,0.0,0,0.0,-1.000499963760376,0.9200000166893005,0.2,0
1,1.0,0.0,1.0,0.0,0,0.0,-1.0,0.6399999856948853,0.8,0
1,0.96,1.0,0.0,0.040000003,0,1.0,0.8740000128746033,0.0,0.0,0
1,0.8143474,0.8354368209838867,0.16456320881843567,0.18565263,1,0.0,-4.940780162811279,0.11456321179866791,0.2,0
1,0.99,0.044999998062849045,0.9549999833106995,0.010000001,0,1.0,-0.9512825608253479,0.8950000405311584,0.2,0
1,1.0,0.0,1.0,0.0,0,0.0,-1.000499963760376,0.550000011920929,1.0,1
1,0.99,0.044999998062849045,0.9549999833106995,0.010000001,0,1.0,-0.9429999589920044,0.8649999499320984,0.3,1
1,0.99,0.044999998062849045,0.9549999833106995,0.010000001,0,1.0,-0.9424999356269836,0.7049999237060547,1.0,1
1,0.99,0.044999998062849045,0.9549999833106995,0.010000001,0,1.0,-0.9424999356269836,0.8950000405311584,0.2,0
1,0.99,0.044999998062849045,0.9549999833106995,0.010000001,0,1.0,-0.9424999356269836,0.7300000190734863,0.5,0
1,0.99,0.044999998062849045,0.9549999833106995,0.010000001,0,1.0,-0.9424999356269836,0.875,0.2,3
1,0.99,0.044999998062849045,0.9549999833106995,0.010000001,0,1.0,-0.9424999356269836,0.8799999952316284,0.3,1
1,1.0,1.0,0.0,0.0,0,0.0,0.9994999766349792,0.0,0.0,0
1,0.99,0.044999998062849045,0.9549999833106995,0.010000001,0,1.0,-0.9429999589920044,0.8799999952316284,0.3,3
1,0.99968225,0.0014298050664365292,0.9985702037811279,0.0003177345,0,0.0,-0.9986571669578552,0.9235702157020569,0.3,3
1,1.0,0.0,1.0,0.0,0,0.0,-1.0000158548355103,0.8500000238418579,0.5,0
1,0.99,0.044999998062849045,0.9549999833106995,0.010000001,0,1.0,-0.9429999589920044,0.875,0.2,1
1,1.0,0.0,1.0,0.0,0,0.0,-1.000499963760376,0.7000000476837158,1.0,1
1,1.0,0.0,1.0,0.0,0,0.0,-1.0,0.75,1.0,1
1,0.99,0.044999998062849045,0.9549999833106995,0.010000001,0,1.0,-0.9429999589920044,0.7300000190734863,0.5,3
1,0.98,1.0,0.0,0.020000001,0,1.0,0.9375,0.0,0.0,0
1,1.0,1.0,0.0,0.0,0,0.0,0.9994999766349792,0.0,0.0,0
1,1.0,0.0,1.0,0.0,0,0.0,-1.0,0.925000011920929,0.3,1
1,0.98,1.0,0.0,0.020000001,0,1.0,0.9369999766349792,0.0,0.0,0
1,0.8590168,0.63442462682724,0.3655754029750824,0.14098325,1,0.0,-5.195895671844482,0.16557538509368896,0.8,1
1,1.0,1.0,0.0,0.0,0,0.0,0.9929508566856384,0.0,0.0,0
1,0.98,1.0,0.0,0.020000001,0,1.0,0.9369999766349792,0.0,0.0,0
1,1.0,0.0,1.0,0.0,0,0.0,-1.000499963760376,0.8500000238418579,0.5,0
1,0.98,1.0,0.0,0.020000001,0,1.0,0.9369999766349792,0.0,0.0,0
1,1.0,1.0,0.0,0.0,0,0.0,0.9994999766349792,0.0,0.0,0
1,1.0,1.0,0.0,0.0,0,0.0,1.0,0.0,0.0,0
1,1.0,0.0,1.0,0.0,0,0.0,-1.0,0.5999999642372131,1.0,1
1,1.0,0.0,1.0,0.0,0,0.0,-1.0,0.925000011920929,0.3,0
1,1.0,1.0,0.0,0.0,0,0.0,1.0,0.0,0.0,0
1,1.0,0.0,1.0,0.0,0,0.0,-1.0,0.940000057220459,0.2,1
1,0.8591722,0.6337249279022217,0.3662750720977783,0.14082776,1,0.0,-5.197281360626221,-0.03372493386268616,1.0,2
1,1.0,0.0,1.0,0.0,0,0.0,-1.007041335105896,0.9500000476837158,0.2,0
1,0.98,1.0,0.0,0.020000001,0,1.0,0.9369999766349792,0.0,0.0,0
1,1.0,1.0,0.0,0.0,0,0.0,0.9994999766349792,0.0,0.0,0
1,1.0,0.0,1.0,0.0,0,0.0,-1.0,0.5999999642372131,1.0,2
1,1.0,0.0,1.0,0.0,0,0.0,-1.0,0.6800000071525574,0.8,1
1,0.99,0.044999998062849045,0.9549999833106995,0.010000001,0,1.0,-0.9429999589920044,0.8950000405311584,0.2,3
1,1.0,0.0,1.0,0.0,0,0.0,-1.000499963760376,0.9200000166893005,0.2,0
1,1.0,0.0,1.0,0.0,0,0.0,-1.0,0.75,1.0,0
1,1.0,0.0,1.0,0.0,0,0.0,-1.0,0.9500000476837158,0.2,3
1,1.0,0.0,1.0,0.0,0,0.0,-1.0,0.9500000476837158,0.2,3
1,0.98,1.0,0.0,0.020000001,0,1.0,0.9369999766349792,0.0,0.0,0
1,1.0,1.0,0.0,0.0,0,0.0,0.9994999766349792,0.0,0.0,0
1,0.99,0.044999998062849045,0.9549999833106995,0.010000001,0,1.0,-0.9429999589920044,0.5549999475479126,1.0,3
1,1.0,1.0,0.0,0.0,0,0.0,0.9994999766349792,0.0,0.0,0
1,1.0,0.0,1.0,0.0,0,0.0,-1.0,0.75,1.0,0
1,1.0,0.0,1.0,0.0,0,0.0,-1.0,0.6399999856948853,0.8,1
1,1.0,0.0,1.0,0.0,0,0.0,-1.0,0.6399999856948853,0.8,3
1,1.0,0.0,1.0,0.0,0,0.0,-1.0,0.925000011920929,0.3,2
1,1.0,0.0,1.0,0.0,0,0.0,-1.0,0.925000011920929,0.3,1
1,0.8,0.8999999761581421,0.1000000536441803,0.2,1,0.0,-4.8600006103515625,0.04000005125999451,0.2,3
2,1.0,0.0,1.0,0.0,0,0.0,-1.0,0.7000000476837158,1.0,0
2,1.0,0.0,1.0,0.0,0,0.0,-1.0,0.875,0.5,3
2,1.0,0.0,1.0,0.0,0,0.0,-1.0,0.940000057220459,0.2,0
2,1.0,0.0,1.0,0.0,0,0.0,-1.0,0.875,0.5,1
2,0.9810993,0.08505303412675858,0.914946973323822,0.018900676,0,0.0,-0.8922661542892456,0.789946973323822,0.5,2
2,1.0,0.0,1.0,0.0,0,0.0,-1.0009450912475586,0.8500000238418579,0.5,1
2,1.0,0.0,1.0,0.0,0,0.0,-1.0,0.940000057220459,0.2,0
2,1.0,0.0,1.0,0.0,0,0.0,-1.0,0.6399999856948853,0.8,0
2,1.0,0.0,1.0,0.0,0,0.0,-1.0,0.9099999666213989,0.3,0
2,1.0,0.0,1.0,0.0,0,0.0,-1.0,0.9200000166893005,0.2,2
2,1.0,1.0,0.0,0.0,0,0.0,1.0,0.0,0.0,0
2,1.0,0.0,1.0,0.0,0,0.0,-1.0,0.7599999904632568,0.8,0
2,1.0,0.0,1.0,0.0,0,0.0,-1.0,0.7999999523162842,0.5,3
2,1.0,0.0,1.0,0.0,0,0.0,-1.0,0.875,0.5,3
2,1.0,1.0,0.0,0.0,0,0.0,1.0,0.0,0.0,0
2,1.0,0.0,1.0,0.0,0,0.0,-1.0,0.75,1.0,2
2,0.96,1.0,0.0,0.040000003,0,1.0,0.8740000128746033,0.0,0.0,0
2,1.0,0.0,1.0,0.0,0,0.0,-1.0010000467300415,0.9200000166893005,0.2,0
2,1.0,0.0,1.0,0.0,0,0.0,-1.0,0.8500000238418579,0.5,3
2,1.0,0.0,1.0,0.0,0,0.0,-1.0,0.800000011920929,0.8,3
2,1.0,1.0,0.0,0.0,0,0.0,1.0,0.0,0.0,0
2,1.0,0.0,1.0,0.0,0,0.0,-1.0,0.75,1.0,0
2,1.0,0.0,1.0,0.0,0,0.0,-1.0,0.7000000476837158,1.0,2
2,0.8923109,0.48460090160369873,0.5153990983963013,0.1076891,1,0.0,-5.386172294616699,0.21539908647537231,1.0,0
2,1.0,0.0,1.0,0.0,0,0.0,-1.0053844451904297,0.875,0.5,0
2,0.93710357,0.28303393721580505,0.7169660925865173,0.06289643,1,0.0,-5.641490459442139,0.47696608304977417,0.8,1
2,1.0,0.0,1.0,0.0,0,0.0,-1.0031448602676392,0.550000011920929,1.0,0
2,0.99,0.044999998062849045,0.9549999833106995,0.010000001,0,1.0,-0.9429999589920044,0.9050000309944153,0.2,3
2,1.0,1.0,0.0,0.0,0,0.0,0.9994999766349792,0.0,0.0,0
2,1.0,0.0,1.0,0.0,0,0.0,-1.0,0.75,1.0,2
2,1.0,1.0,0.0,0.0,0,0.0,1.0,0.0,0.0,0
2,0.98,1.0,0.0,0.020000001,0,1.0,0.9369999766349792,0.0,0.0,0
2,1.0,0.0,1.0,0.0,0,0.0,-1.000499963760376,0.6800000071525574,0.8,1
2,1.0,0.0,1.0,0.0,0,0.0,-1.0,0.800000011920929,0.8,1
2,1.0,0.0,1.0,0.0,0,0.0,-1.0,0.800000011920929,0.8,1
2,0.99,0.044999998062849045,0.9549999833106995,0.010000001,0,1.0,-0.9429999589920044,0.7049999237060547,1.0,0
2,1.0,1.0,0.0,0.0,0,0.0,0.9994999766349792,0.0,0.0,0
2,1.0,0.0,1.0,0.0,0,0.0,-1.0,0.6800000071525574,0.8,2
2,1.0,0.0,1.0,0.0,0,0.0,-1.0,0.875,0.5,3
2,1.0,0.0,1.0,0.0,0,0.0,-1.0,0.9200000166893005,0.2,1
2,1.0,0.0,1.0,0.0,0,0.0,-1.0,0.7599999904632568,0.8,3
2,1.0,0.0,1.0,0.0,0,0.0,-1.0,0.5999999642372131,1.0,3
2,1.0,0.0,1.0,0.0,0,0.0,-1.0,0.800000011920929,0.8,3
2,1.0,1.0,0.0,0.0,0,0.0,1.0,0.0,0.0,0
2,0.99,0.044999998062849045,0.9549999833106995,0.010000001,0,1.0,-0.9429999589920044,0.8649999499320984,0.3,2
2,0.99,0.044999998062849045,0.9549999833106995,0.010000001,0,1.0,-0.9424999356269836,0.5049999356269836,1.0,0
2,1.0,0.0,1.0,0.0,0,0.0,-1.000499963760376,0.9500000476837158,0.2,3
2,0.99,0.044999998062849045,0.9549999833106995,0.010000001,0,1.0,-0.9429999589920044,0.7149999737739563,0.8,1
2,0.99,0.044999998062849045,0.9549999833106995,0.010000001,0,1.0,-0.9424999356269836,0.875,0.2,0
2,0.8,0.8999999761581421,0.1000000536441803,0.2,1,0.0,-4.859500408172607,0.04000005125999451,0.2,2
2,1.0,1.0,0.0,0.0,0,0.0,0.9900000095367432,0.0,0.0,0
2,0.8931439,0.4808523952960968,0.5191476345062256,0.106856085,1,0.0,-5.390920639038086,0.46914762258529663,0.2,0
2,0.99,0.044999998062849045,0.9549999833106995,0.010000001,0,1.0,-0.9473427534103394,0.5549999475479126,1.0,0
2,1.0,0.0,1.0,0.0,0,0.0,-1.000499963760376,0.9500000476837158,0.2,1
2,1.0,0.0,1.0,0.0,0,0.0,-1.0,0.940000057220459,0.2,0
2,1.0,0.0,1.0,0.0,0,0.0,-1.0,0.940000057220459,0.2,0
2,0.98,1.0,0.0,0.020000001,0,1.0,0.9369999766349792,0.0,0.0,0
2,0.99,0.044999998062849045,0.9549999833106995,0.010000001,0,1.0,-0.9424999356269836,0.5049999356269836,1.0,0
2,1.0,0.0,1.0,0.0,0,0.0,-1.000499963760376,0.925000011920929,0.3,3
2,0.98,1.0,0.0,0.020000001,0,1.0,0.9369999766349792,0.0,0.0,0
2,1.0,0.0,1.0,0.0,0,0.0,-1.000499963760376,0.75,1.0,1
2,1.0,1.0,0.0,0.0,0,0.0,1.0,0.0,0.0,0
2,0.99,0.044999998062849045,0.9549999833106995,0.010000001,0,1.0,-0.9429999589920044,0.7549999952316284,0.8,3
2,1.0,0.0,1.0,0.0,0,0.0,-1.000499963760376,0.7599999904632568,0.8,1
2,0.99,0.044999998062849045,0.9549999833106995,0.010000001,0,1.0,-0.9429999589920044,0.9050000309944153,0.2,0
2,1.0,0.0,1.0,0.0,0,0.0,-1.000499963760376,0.925000011920929,0.3,1
2,0.99,0.044999998062849045,0.9549999833106995,0.010000001,0,1.0,-0.9429999589920044,0.9050000309944153,0.2,3
2,1.0,0.0,1.0,0.0,0,0.0,-1.000499963760376,0.9500000476837158,0.2,1
2,1.0,0.0,1.0,0.0,0,0.0,-1.0,0.7000000476837158,1.0,1
2,1.0,0.0,1.0,0.0,0,0.0,-1.0,0.7999999523162842,0.5,1
2,1.0,1.0,0.0,0.0,0,0.0,1.0,0.0,0.0,0
2,1.0,1.0,0.0,0.0,0,0.0,1.0,0.0,0.0,0
2,1.0,1.0,0.0,0.0,0,0.0,1.0,0.0,0.0,0
2,1.0,1.0,0.0,0.0,0,0.0,1.0,0.0,0.0,0
2,1.0,0.0,1.0,0.0,0,0.0,-1.0,0.5999999642372131,1.0,3
2,1.0,1.0,0.0,0.0,0,0.0,1.0,0.0,0.0,0
2,0.95752966,0.19111646711826324,0.808883547782898,0.042470325,0,0.0,-0.757919192314148,0.7588835954666138,0.2,1
2,0.96,1.0,0.0,0.040000003,0,1.0,0.8738765120506287,0.0,0.0,0
2,1.0,1.0,0.0,0.0,0,0.0,0.9990000128746033,0.0,0.0,0
2,1.0,0.0,1.0,0.0,0,0.0,-1.0,0.8500000238418579,0.5,2
2,1.0,0.0,1.0,0.0,0,0.0,-1.0,0.800000011920929,0.8,0
2,1.0,0.0,1.0,0.0,0,0.0,-1.0,0.875,0.5,1
2,1.0,0.0,1.0,0.0,0,0.0,-1.0,0.9200000166893005,0.2,0
2,0.96,1.0,0.0,0.040000003,0,1.0,0.8740000128746033,0.0,0.0,0
2,1.0,0.0,1.0,0.0,0,0.0,-1.0010000467300415,0.8500000238418579,0.5,1
2,1.0,0.0,1.0,0.0,0,0.0,-1.0,0.7599999904632568,0.8,1
2,1.0,0.0,1.0,0.0,0,0.0,-1.0,0.9500000476837158,0.2,3
2,0.96,1.0,0.0,0.040000003,0,1.0,0.8740000128746033,0.0,0.0,0
2,1.0,0.0,1.0,0.0,0,0.0,-1.0010000467300415,0.925000011920929,0.3,2
2,1.0,0.0,1.0,0.0,0,0.0,-1.0,0.925000011920929,0.3,3
2,0.98460495,0.06927772611379623,0.9307222962379456,0.015395052,0,0.0,-0.9122482538223267,0.8557223081588745,0.3,1
2,1.0,1.0,0.0,0.0,0,0.0,0.9992302656173706,0.0,0.0,0
2,0.86186033,0.62162846326828,0.37837153673171997,0.13813967,1,0.0,-5.21260404586792,0.328371524810791,0.2,2
2,0.96,1.0,0.0,0.040000003,0,1.0,0.8690930008888245,0.0,0.0,0
2,1.0,0.0,1.0,0.0,0,0.0,-1.0010000467300415,0.6399999856948853,0.8,2
2,1.0,0.0,1.0,0.0,0,0.0,-1.0,0.7749999761581421,0.5,3
2,0.8072241,0.8674914836883545,0.13250850141048431,0.19277589,1,0.0,-4.901177406311035,0.08250850439071655,0.2,3
2,1.0,0.0,1.0,0.0,0,0.0,-1.009638786315918,0.9500000476837158,0.2,0
2,1.0,0.0,1.0,0.0,0,0.0,-1.0,0.800000011920929,0.8,2
2,0.99,0.044999998062849045,0.9549999833106995,0.010000001,0,1.0,-0.9429999589920044,0.8950000405311584,0.2,3
2,0.99,0.044999998062849045,0.9549999833106995,0.010000001,0,1.0,-0.9424999356269836,0.875,0.2,3
2,1.0,0.0,1.0,0.0,0,0.0,-1.000499963760376,0.940000057220459,0.2,0
2,1.0,0.0,1.0,0.0,0,0.0,-1.0,0.9500000476837158,0.2,2
2,1.0,0.0,1.0,0.0,0,0.0,-1.0,0.9500000476837158,0.2,1
2,1.0,0.0,1.0,0.0,0,0.0,-1.0,0.5999999642372131,1.0,0
2,1.0,0.0,1.0,0.0,0,0.0,-1.0,0.925000011920929,0.3,2
2,1.0,1.0,0.0,0.0,0,0.0,1.0,0.0,0.0,0
2,0.99,0.044999998062849045,0.9549999833106995,0.010000001,0,1.0,-0.9429999589920044,0.8299999833106995,0.5,1
2,1.0,0.0,1.0,0.0,0,0.0,-1.000499963760376,0.75,1.0,0
2,1.0,0.0,1.0,0.0,0,0.0,-1.0,0.9500000476837158,0.2,3
2,0.99,0.044999998062849045,0.9549999833106995,0.010000001,0,1.0,-0.9429999589920044,0.7549999952316284,0.8,1
2,1.0,1.0,0.0,0.0,0,0.0,0.9994999766349792,0.0,0.0,0
2,0.99,0.044999998062849045,0.9549999833106995,0.010000001,0,1.0,-0.9429999589920044,0.7549999952316284,0.8,1
2,1.0,0.0,1.0,0.0,0,0.0,-1.000499963760376,0.6800000071525574,0.8,2
2,1.0,0.0,1.0,0.0,0,0.0,-1.0,0.925000011920929,0.3,0
2,1.0,0.0,1.0,0.0,0,0.0,-1.0,0.925000011920929,0.3,0
2,1.0,0.0,1.0,0.0,0,0.0,-1.0,0.5999999642372131,1.0,2
2,1.0,1.0,0.0,0.0,0,0.0,1.0,0.0,0.0,0
2,1.0,0.0,1.0,0.0,0,0.0,-1.0,0.925000011920929,0.3,1
2,0.96,1.0,0.0,0.040000003,0,1.0,0.8740000128746033,0.0,0.0,0
2,1.0,0.0,1.0,0.0,0,0.0,-1.0010000467300415,0.75,1.0,0
2,0.976151,0.10732048749923706,0.8926795125007629,0.023849,0,0.0,-0.8640607595443726,0.7676795125007629,0.5,2
2,1.0,0.0,1.0,0.0,0,0.0,-1.0011924505233765,0.9099999666213989,0.3,2
2,1.0,0.0,1.0,0.0,0,0.0,-1.0,0.800000011920929,0.8,3
2,1.0,0.0,1.0,0.0,0,0.0,-1.0,0.9500000476837158,0.2,2
2,1.0,1.0,0.0,0.0,0,0.0,1.0,0.0,0.0,0
2,1.0,0.0,1.0,0.0,0,0.0,-1.0,0.6800000071525574,0.8,2
2,1.0,0.0,1.0,0.0,0,0.0,-1.0,0.7999999523162842,0.5,3
2,1.0,1.0,0.0,0.0,0,0.0,1.0,0.0,0.0,0
2,1.0,0.0,1.0,0.0,0,0.0,-1.0,0.875,0.5,1
2,1.0,0.0,1.0,0.0,0,0.0,-1.0,0.875,0.5,3
2,0.94309175,0.2560870945453644,0.7439128756523132,0.056908246,1,0.0,-5.675622463226318,0.6639128923416138,0.2,2
2,1.0,1.0,0.0,0.0,0,0.0,0.9971545934677124,0.0,0.0,0
2,1.0,0.0,1.0,0.0,0,0.0,-1.0,0.7749999761581421,0.5,2
2,0.8,0.8999999761581421,0.1000000536441803,0.2,1,0.0,-4.8600006103515625,-0.25999993085861206,0.8,2
2,1.0,0.0,1.0,0.0,0,0.0,-1.0099999904632568,0.9099999666213989,0.3,3
2,0.99,0.044999998062849045,0.9549999833106995,0.010000001,0,1.0,-0.9429999589920044,0.8950000405311584,0.2,1
2,0.99,0.044999998062849045,0.9549999833106995,0.010000001,0,1.0,-0.9424999356269836,0.8050000071525574,0.5,0
2,1.0,1.0,0.0,0.0,0,0.0,0.9994999766349792,0.0,0.0,0
2,1.0,0.0,1.0,0.0,0,0.0,-1.0,0.925000011920929,0.3,3
2,0.99,0.044999998062849045,0.9549999833106995,0.010000001,0,1.0,-0.9429999589920044,0.8950000405311584,0.2,0
2,1.0,1.0,0.0,0.0,0,0.0,0.9994999766349792,0.0,0.0,0
2,1.0,0.0,1.0,0.0,0,0.0,-1.0,0.7000000476837158,1.0,2
2,1.0,0.0,1.0,0.0,0,0.0,-1.0,0.925000011920929,0.3,2
2,1.0,0.0,1.0,0.0,0,0.0,-1.0,0.800000011920929,0.8,2
2,0.98,1.0,0.0,0.020000001,0,1.0,0.9369999766349792,0.0,0.0,0
2,0.99,0.044999998062849045,0.9549999833106995,0.010000001,0,1.0,-0.9424999356269836,0.8950000405311584,0.2,2
2,0.99,0.044999998062849045,0.9549999833106995,0.010000001,0,1.0,-0.9424999356269836,0.9050000309944153,0.2,2
2,1.0,0.0,1.0,0.0,0,0.0,-1.000499963760376,0.9500000476837158,0.2,3
2,0.99,0.044999998062849045,0.9549999833106995,0.010000001,0,1.0,-0.9429999589920044,0.7549999952316284,0.8,2
2,1.0,0.0,1.0,0.0,0,0.0,-1.000499963760376,0.7599999904632568,0.8,3
2,1.0,1.0,0.0,0.0,0,0.0,1.0,0.0,0.0,0
2,1.0,1.0,0.0,0.0,0,0.0,1.0,0.0,0.0,0
2,1.0,0.0,1.0,0.0,0,0.0,-1.0,0.9500000476837158,0.2,3
2,1.0,1.0,0.0,0.0,0,0.0,1.0,0.0,0.0,0
2,0.99,0.044999998062849045,0.9549999833106995,0.010000001,0,1.0,-0.9429999589920044,0.7549999952316284,0.8,0
2,0.98,1.0,0.0,0.020000001,0,1.0,0.9375,0.0,0.0,0
2,0.87271106,0.5728000998497009,0.4271999001502991,0.12728892,1,0.0,-5.273952960968018,0.20219990611076355,0.5,0
2,1.0,0.0,1.0,0.0,0,0.0,-1.0063644647598267,0.925000011920929,0.3,3
2,0.99,0.044999998062849045,0.9549999833106995,0.010000001,0,1.0,-0.9429999589920044,0.8799999952316284,0.3,3
2,1.0,0.0,1.0,0.0,0,0.0,-1.000499963760376,0.7749999761581421,0.5,1
2,1.0,0.0,1.0,0.0,0,0.0,-1.0,0.550000011920929,1.0,3
2,1.0,0.0,1.0,0.0,0,0.0,-1.0,0.925000011920929,0.3,1
2,1.0,1.0,0.0,0.0,0,0.0,1.0,0.0,0.0,0
2,1.0,1.0,0.0,0.0,0,0.0,1.0,0.0,0.0,0
2,0.8,0.8999999761581421,0.10000000149011612,0.2,1,0.0,-4.860000133514404,0.02499999850988388,0.3,1
2,0.99,0.044999998062849045,0.9549999833106995,0.010000001,0,1.0,-0.9519999623298645,0.7300000190734863,0.5,3
2,1.0,0.0,1.0,0.0,0,0.0,-1.000499963760376,0.9200000166893005,0.2,3
2,1.0,1.0,0.0,0.0,0,0.0,1.0,0.0,0.0,0
2,0.98,1.0,0.0,0.020000001,0,1.0,0.9369999766349792,0.0,0.0,0
2,1.0,1.0,0.0,0.0,0,0.0,0.9994999766349792,0.0,0.0,0
2,1.0,1.0,0.0,0.0,0,0.0,1.0,0.0,0.0,0
2,0.98,1.0,0.0,0.020000001,0,1.0,0.9369999766349792,0.0,0.0,0
2,0.98,1.0,0.0,0.020000001,0,1.0,0.9375,0.0,0.0,0
2,1.0,1.0,0.0,0.0,0,0.0,0.9994999766349792,0.0,0.0,0
2,0.99,0.044999998062849045,0.9549999833106995,0.010000001,0,1.0,-0.9429999589920044,0.8799999952316284,0.3,3
2,1.0,1.0,0.0,0.0,0,0.0,0.9994999766349792,0.0,0.0,0
2,1.0,0.0,1.0,0.0,0,0.0,-1.0,0.6800000071525574,0.8,2
2,1.0,0.0,1.0,0.0,0,0.0,-1.0,0.9500000476837158,0.2,1
2,1.0,0.0,1.0,0.0,0,0.0,-1.0,0.75,1.0,1
2,1.0,0.0,1.0,0.0,0,0.0,-1.0,0.925000011920929,0.3,1
2,1.0,1.0,0.0,0.0,0,0.0,1.0,0.0,0.0,0
2,1.0,0.0,1.0,0.0,0,0.0,-1.0,0.800000011920929,0.8,2
2,1.0,0.0,1.0,0.0,0,0.0,-1.0,0.875,0.5,0
2,1.0,0.0,1.0,0.0,0,0.0,-1.0,0.75,1.0,2
2,1.0,1.0,0.0,0.0,0,0.0,1.0,0.0,0.0,0
2,1.0,1.0,0.0,0.0,0,0.0,1.0,0.0,0.0,0
2,1.0,0.0,1.0,0.0,0,0.0,-1.0,0.7999999523162842,0.5,0
2,1.0,0.0,1.0,0.0,0,0.0,-1.0,0.5999999642372131,1.0,3
2,1.0,0.0,1.0,0.0,0,0.0,-1.0,0.9500000476837158,0.2,2
2,1.0,1.0,0.0,0.0,0,0.0,1.0,0.0,0.0,0
2,0.96,1.0,0.0,0.040000003,0,1.0,0.8740000128746033,0.0,0.0,0
2,0.96,1.0,0.0,0.040000003,0,1.0,0.875,0.0,0.0,0
2,1.0,0.0,1.0,0.0,0,0.0,-1.0010000467300415,0.75,1.0,1
2,1.0,1.0,0.0,0.0,0,0.0,1.0,0.0,0.0,0
2,1.0,0.0,1.0,0.0,0,0.0,-1.0,0.7999999523162842,0.5,3
2,1.0,0.0,1.0,0.0,0,0.0,-1.0,0.800000011920929,0.8,0
2,1.0,1.0,0.0,0.0,0,0.0,1.0,0.0,0.0,0
2,1.0,0.0,1.0,0.0,0,0.0,-1.0,0.75,1.0,3
2,1.0,0.0,1.0,0.0,0,0.0,-1.0,0.9099999666213989,0.3,2
2,1.0,0.0,1.0,0.0,0,0.0,-1.0,0.7599999904632568,0.8,3
2,0.8643765,0.6103058457374573,0.3896941542625427,0.13562353,1,0.0,-5.226945877075195,0.2646941542625427,0.5,1
2,0.9569924,0.19353418052196503,0.8064658045768738,0.043007594,0,0.0,-0.7573370933532715,0.7564658522605896,0.2,1
2,1.0,0.0,1.0,0.0,0,0.0,-1.0021504163742065,0.940000057220459,0.2,0
2,1.0,0.0,1.0,0.0,0,0.0,-1.0,0.9500000476837158,0.2,0
2,0.8331738,0.7507178783416748,0.249282106757164,0.1668262,1,0.0,-5.04909086227417,0.15928210318088531,0.3,0
2,1.0,0.0,1.0,0.0,0,0.0,-1.0083413124084473,0.800000011920929,0.8,3
2,0.99,0.044999998062849045,0.9549999833106995,0.010000001,0,1.0,-0.9429999589920044,0.8299999833106995,0.5,2
2,1.0,1.0,0.0,0.0,0,0.0,0.9994999766349792,0.0,0.0,0
2,0.98,1.0,0.0,0.020000001,0,1.0,0.9369999766349792,0.0,0.0,0
2,1.0,0.0,1.0,0.0,0,0.0,-1.000499963760376,0.7749999761581421,0.5,1
2,1.0,0.0,1.0,0.0,0,0.0,-1.0,0.9500000476837158,0.2,3
2,1.0,0.0,1.0,0.0,0,0.0,-1.0,0.925000011920929,0.3,2
2,1.0,1.0,0.0,0.0,0,0.0,1.0,0.0,0.0,0
2,1.0,0.0,1.0,0.0,0,0.0,-1.0,0.9500000476837158,0.2,1
2,1.0,0.0,1.0,0.0,0,0.0,-1.0,0.7000000476837158,1.0,2
2,1.0,1.0,0.0,0.0,0,0.0,1.0,0.0,0.0,0
2,1.0,1.0,0.0,0.0,0,0.0,1.0,0.0,0.0,0
2,1.0,1.0,0.0,0.0,0,0.0,1.0,0.0,0.0,0
2,1.0,0.0,1.0,0.0,0,0.0,-1.0,0.6399999856948853,0.8,2
2,1.0,0.0,1.0,0.0,0,0.0,-1.0,0.6800000071525574,0.8,0
2,1.0,0.0,1.0,0.0,0,0.0,-1.0,0.7000000476837158,1.0,2
2,1.0,1.0,0.0,0.0,0,0.0,1.0,0.0,0.0,0
2,1.0,0.0,1.0,0.0,0,0.0,-1.0,0.9500000476837158,0.2,0
2,1.0,0.0,1.0,0.0,0,0.0,-1.0,0.9500000476837158,0.2,1
2,1.0,1.0,0.0,0.0,0,0.0,1.0,0.0,0.0,0
2,0.99,0.044999998062849045,0.9549999833106995,0.010000001,0,1.0,-0.9429999589920044,0.8950000405311584,0.2,0
2,0.9340189,0.29691484570503235,0.7030851244926453,0.06598108,1,0.0,-5.62340784072876,0.613085150718689,0.2,0
2,1.0,1.0,0.0,0.0,0,0.0,0.9967009425163269,0.0,0.0,0
2,1.0,0.0,1.0,0.0,0,0.0,-1.0,0.9500000476837158,0.2,1
2,0.99,0.044999998062849045,0.9549999833106995,0.010000001,0,1.0,-0.9429999589920044,0.5049999356269836,1.0,2
2,1.0,0.0,1.0,0.0,0,0.0,-1.000499963760376,0.9200000166893005,0.2,0
2,1.0,1.0,0.0,0.0,0,0.0,1.0,0.0,0.0,0
2,0.97996515,0.09015676379203796,0.9098432064056396,0.020034838,0,0.0,-0.885801374912262,0.589843213558197,0.8,0
2,1.0,1.0,0.0,0.0,0,0.0,0.9989982843399048,0.0,0.0,0
2,1.0,0.0,1.0,0.0,0,0.0,-1.0,0.7999999523162842,0.5,3
2,0.81318533,0.8406660556793213,0.1593339443206787,0.1868147,1,0.0,-4.93515682220459,0.08433394134044647,0.3,2
2,0.99,0.044999998062849045,0.9549999833106995,0.010000001,0,1.0,-0.9513406753540039,0.8799999952316284,0.3,0
2,0.99,0.044999998062849045,0.9549999833106995,0.010000001,0,1.0,-0.9424999356269836,0.8050000071525574,0.5,1
2,0.98,1.0,0.0,0.020000001,0,1.0,0.9375,0.0,0.0,0
2,1.0,0.0,1.0,0.0,0,0.0,-1.000499963760376,0.7599999904632568,0.8,1
2,1.0,1.0,0.0,0.0,0,0.0,1.0,0.0,0.0,0
2,0.99,0.044999998062849045,0.9549999833106995,0.010000001,0,1.0,-0.9429999589920044,0.7149999737739563,0.8,3
2,0.99,0.044999998062849045,0.9549999833106995,0.010000001,0,1.0,-0.9424999356269836,0.9050000309944153,0.2,1
2,1.0,0.0,1.0,0.0,0,0.0,-1.000499963760376,0.9500000476837158,0.2,1
2,1.0,0.0,1.0,0.0,0,0.0,-1.0,0.5999999642372131,1.0,1
2,1.0,0.0,1.0,0.0,0,0.0,-1.0,0.925000011920929,0.3,3
2,1.0,0.0,1.0,0.0,0,0.0,-1.0,0.9500000476837158,0.2,1
2,1.0,0.0,1.0,0.0,0,0.0,-1.0,0.925000011920929,0.3,2
2,0.98,1.0,0.0,0.020000001,0,1.0,0.9369999766349792,0.0,0.0,0
2,1.0,0.0,1.0,0.0,0,0.0,-1.000499963760376,0.925000011920929,0.3,0
2,1.0,1.0,0.0,0.0,0,0.0,1.0,0.0,0.0,0
2,0.99,0.044999998062849045,0.9549999833106995,0.010000001,0,1.0,-0.9429999589920044,0.7149999737739563,0.8,2
2,0.8,0.8999999761581421,0.1000000536441803,0.2,1,0.0,-4.859500408172607,0.02000005915760994,0.2,3
2,0.99,0.044999998062849045,0.9549999833106995,0.010000001,0,1.0,-0.9519999623298645,0.9050000309944153,0.2,3
2,1.0,0.0,1.0,0.0,0,0.0,-1.000499963760376,0.925000011920929,0.3,0
2,0.98,1.0,0.0,0.020000001,0,1.0,0.9369999766349792,0.0,0.0,0
2,1.0,1.0,0.0,0.0,0,0.0,0.9994999766349792,0.0,0.0,0
2,1.0,0.0,1.0,0.0,0,0.0,-1.0,0.9500000476837158,0.2,2
2,0.98,1.0,0.0,0.020000001,0,1.0,0.9369999766349792,0.0,0.0,0
2,0.99,0.044999998062849045,0.9549999833106995,0.010000001,0,1.0,-0.9424999356269836,0.7049999237060547,1.0,1
2,1.0,0.0,1.0,0.0,0,0.0,-1.000499963760376,0.9100000262260437,0.2,1
2,1.0,1.0,0.0,0.0,0,0.0,1.0,0.0,0.0,0
2,0.96,1.0,0.0,0.040000003,0,1.0,0.8740000128746033,0.0,0.0,0
2,0.8742231,0.5659958720207214,0.43400412797927856,0.12577687,1,0.0,-5.282071590423584,0.18400412797927856,1.0,2
2,1.0,1.0,0.0,0.0,0,0.0,0.9937111735343933,0.0,0.0,0
2,1.0,0.0,1.0,0.0,0,0.0,-1.0,0.9500000476837158,0.2,1
2,1.0,0.0,1.0,0.0,0,0.0,-1.0,0.9099999666213989,0.3,3
2,1.0,1.0,0.0,0.0,0,0.0,1.0,0.0,0.0,0
2,1.0,0.0,1.0,0.0,0,0.0,-1.0,0.925000011920929,0.3,0
2,0.99,0.044999998062849045,0.9549999833106995,0.010000001,0,1.0,-0.9429999589920044,0.8299999833106995,0.5,1
2,1.0,1.0,0.0,0.0,0,0.0,0.9994999766349792,0.0,0.0,0
2,0.99,0.044999998062849045,0.9549999833106995,0.010000001,0,1.0,-0.9429999589920044,0.8950000405311584,0.2,0
2,1.0,0.0,1.0,0.0,0,0.0,-1.000499963760376,0.800000011920929,0.8,1
2,1.0,1.0,0.0,0.0,0,0.0,1.0,0.0,0.0,0
2,1.0,0.0,1.0,0.0,0,0.0,-1.0,0.7000000476837158,1.0,1
2,1.0,1.0,0.0,0.0,0,0.0,1.0,0.0,0.0,0
2,1.0,0.0,1.0,0.0,0,0.0,-1.0,0.7999999523162842,0.5,0
2,1.0,1.0,0.0,0.0,0,0.0,1.0,0.0,0.0,0
2,1.0,1.0,0.0,0.0,0,0.0,1.0,0.0,0.0,0
2,0.96,1.0,0.0,0.040000003,0,1.0,0.8740000128746033,0.0,0.0,0
2,1.0,1.0,0.0,0.0,0,0.0,0.9990000128746033,0.0,0.0,0
2,0.98632497,0.06153765693306923,0.9384623765945435,0.013675034,0,0.0,-0.9220523238182068,0.5784623622894287,0.8,2
2,1.0,0.0,1.0,0.0,0,0.0,-1.0006837844848633,0.800000011920929,0.8,3
2,1.0,0.0,1.0,0.0,0,0.0,-1.0,0.75,1.0,0
2,1.0,0.0,1.0,0.0,0,0.0,-1.0,0.9500000476837158,0.2,1
2,1.0,0.0,1.0,0.0,0,0.0,-1.0,0.9500000476837158,0.2,3
2,1.0,0.0,1.0,0.0,0,0.0,-1.0,0.75,1.0,3
2,0.99994713,1.0,0.0,5.28574e-05,0,0.0,0.9998334646224976,0.0,0.0,0
2,1.0,0.0,1.0,0.0,0,0.0,-1.000001311302185,0.925000011920929,0.3,3
2,0.8,0.8999999761581421,0.10000002384185791,0.2,1,0.0,-4.8600006103515625,-0.19999998807907104,1.0,0
2,0.96,1.0,0.0,0.040000003,0,1.0,0.8659999966621399,0.0,0.0,0
2,0.8166814,0.8249338269233704,0.17506617307662964,0.18331864,1,0.0,-4.9540839195251465,-0.07493383437395096,1.0,0
2,0.99,0.044999998062849045,0.9549999833106995,0.010000001,0,1.0,-0.9511658549308777,0.8799999952316284,0.3,1
2,1.0,0.0,1.0,0.0,0,0.0,-1.000499963760376,0.7000000476837158,1.0,0
2,0.98,1.0,0.0,0.020000001,0,1.0,0.9369999766349792,0.0,0.0,0
2,1.0,0.0,1.0,0.0,0,0.0,-1.000499963760376,0.550000011920929,1.0,0
2,1.0,0.0,1.0,0.0,0,0.0,-1.0,0.925000011920929,0.3,3
2,0.99,0.044999998062849045,0.9549999833106995,0.010000001,0,1.0,-0.9429999589920044,0.8950000405311584,0.2,3
2,1.0,1.0,0.0,0.0,0,0.0,0.9994999766349792,0.0,0.0,0
2,0.99,0.044999998062849045,0.9549999833106995,0.010000001,0,1.0,-0.9429999589920044,0.9050000309944153,0.2,3
2,1.0,0.0,1.0,0.0,0,0.0,-1.000499963760376,0.75,1.0,1
2,1.0,0.0,1.0,0.0,0,0.0,-1.0,0.925000011920929,0.3,3
2,0.99,0.044999998062849045,0.9549999833106995,0.010000001,0,1.0,-0.9429999589920044,0.7549999952316284,0.8,2
2,0.99,0.044999998062849045,0.9549999833106995,0.010000001,0,1.0,-0.9424999356269836,0.8299999833106995,0.5,1
2,1.0,0.0,1.0,0.0,0,0.0,-1.000499963760376,0.875,0.5,2
2,0.98,1.0,0.0,0.020000001,0,1.0,0.9369999766349792,0.0,0.0,0
2,1.0,0.0,1.0,0.0,0,0.0,-1.000499963760376,0.75,1.0,1
2,1.0,0.0,1.0,0.0,0,0.0,-1.0,0.940000057220459,0.2,2
2,1.0,0.0,1.0,0.0,0,0.0,-1.0,0.925000011920929,0.3,0
2,1.0,0.0,1.0,0.0,0,0.0,-1.0,0.550000011920929,1.0,0
2,1.0,0.0,1.0,0.0,0,0.0,-1.0,0.7599999904632568,0.8,2
2,1.0,1.0,0.0,0.0,0,0.0,1.0,0.0,0.0,0
2,1.0,0.0,1.0,0.0,0,0.0,-1.0,0.925000011920929,0.3,2
2,1.0,0.0,1.0,0.0,0,0.0,-1.0,0.7000000476837158,1.0,1
2,1.0,0.0,1.0,0.0,0,0.0,-1.0,0.9500000476837158,0.2,0
2,0.91174054,0.39716747403144836,0.602832555770874,0.08825944,1,0.0,-5.496921539306641,0.2828325629234314,0.8,1
2,1.0,0.0,1.0,0.0,0,0.0,-1.0044130086898804,0.5999999642372131,1.0,2
2,0.83850825,0.7267127633094788,0.27328720688819885,0.16149174,1,0.0,-5.079497337341309,-0.0867127925157547,0.8,2
2,0.98,1.0,0.0,0.020000001,0,1.0,0.9299254417419434,0.0,0.0,0
2,0.99,0.044999998062849045,0.9549999833106995,0.010000001,0,1.0,-0.9424999356269836,0.6549999713897705,1.0,3
2,1.0,0.0,1.0,0.0,0,0.0,-1.000499963760376,0.925000011920929,0.3,0
2,1.0,0.0,1.0,0.0,0,0.0,-1.0,0.5999999642372131,1.0,2
2,1.0,0.0,1.0,0.0,0,0.0,-1.0,0.800000011920929,0.8,2
2,1.0,0.0,1.0,0.0,0,0.0,-1.0,0.8500000238418579,0.5,3
2,0.99,0.044999998062849045,0.9549999833106995,0.010000001,0,1.0,-0.9429999589920044,0.9050000309944153,0.2,2
2,1.0,0.0,1.0,0.0,0,0.0,-1.000499963760376,0.940000057220459,0.2,2
2,1.0,0.0,1.0,0.0,0,0.0,-1.0,0.925000011920929,0.3,2
2,1.0,0.0,1.0,0.0,0,0.0,-1.0,0.6800000071525574,0.8,2
2,0.9902974,0.04366183280944824,0.9563381671905518,0.009702629,0,0.0,-0.944694995880127,0.7163381576538086,0.8,1
2,1.0,0.0,1.0,0.0,0,0.0,-1.0004851818084717,0.9500000476837158,0.2,2
2,0.99,0.044999998062849045,0.9549999833106995,0.010000001,0,1.0,-0.9429999589920044,0.875,0.2,0
2,1.0,0.0,1.0,0.0,0,0.0,-1.000499963760376,0.6800000071525574,0.8,0
2,0.99,0.044999998062849045,0.9549999833106995,0.010000001,0,1.0,-0.9429999589920044,0.7549999952316284,0.5,0
2,1.0,1.0,0.0,0.0,0,0.0,0.9994999766349792,0.0,0.0,0
2,1.0,0.0,1.0,0.0,0,0.0,-1.0,0.7749999761581421,0.5,0
2,1.0,1.0,0.0,0.0,0,0.0,1.0,0.0,0.0,0
2,0.99,0.044999998062849045,0.9549999833106995,0.010000001,0,1.0,-0.9429999589920044,0.8799999952316284,0.3,0
2,1.0,0.0,1.0,0.0,0,0.0,-1.000499963760376,0.9500000476837158,0.2,1
2,0.98,1.0,0.0,0.020000001,0,1.0,0.9369999766349792,0.0,0.0,0
2,0.99,0.044999998062849045,0.9549999833106995,0.010000001,0,1.0,-0.9424999356269836,0.8050000071525574,0.5,1
2,1.0,0.0,1.0,0.0,0,0.0,-1.000499963760376,0.875,0.5,1
2,1.0,0.0,1.0,0.0,0,0.0,-1.0,0.5999999642372131,1.0,0
2,1.0,0.0,1.0,0.0,0,0.0,-1.0,0.9500000476837158,0.2,2
2,0.94077283,0.2665223181247711,0.7334777116775513,0.059227187,1,0.0,-5.662405014038086,0.41347771883010864,0.8,2
2,0.99229234,0.03468436747789383,0.9653156399726868,0.0077076377,0,0.0,-0.9582570791244507,0.7653156518936157,0.8,1
2,0.9171675,0.37274640798568726,0.6272536516189575,0.08283254,1,0.0,-5.527469158172607,0.4272536635398865,0.8,0
2,0.99,0.044999998062849045,0.9549999833106995,0.010000001,0,1.0,-0.9461415410041809,0.9050000309944153,0.2,1
2,1.0,0.0,1.0,0.0,0,0.0,-1.000499963760376,0.925000011920929,0.3,2
2,1.0,0.0,1.0,0.0,0,0.0,-1.0,0.5999999642372131,1.0,1
2,0.99,0.044999998062849045,0.9549999833106995,0.010000001,0,1.0,-0.9429999589920044,0.7049999237060547,1.0,0
2,1.0,0.0,1.0,0.0,0,0.0,-1.000499963760376,0.9099999666213989,0.3,1
2,1.0,0.0,1.0,0.0,0,0.0,-1.0,0.800000011920929,0.8,3
2,1.0,0.0,1.0,0.0,0,0.0,-1.0,0.8500000238418579,0.5,3
2,1.0,0.0,1.0,0.0,0,0.0,-1.0,0.7599999904632568,0.8,0
2,1.0,1.0,0.0,0.0,0,0.0,1.0,0.0,0.0,0
2,1.0,0.0,1.0,0.0,0,0.0,-1.0,0.800000011920929,0.8,0
2,1.0,1.0,0.0,0.0,0,0.0,1.0,0.0,0.0,0
2,0.99,0.044999998062849045,0.9549999833106995,0.010000001,0,1.0,-0.9429999589920044,0.8950000405311584,0.2,0
2,1.0,0.0,1.0,0.0,0,0.0,-1.000499963760376,0.875,0.5,3
2,1.0,1.0,0.0,0.0,0,0.0,1.0,0.0,0.0,0
2,0.99,0.044999998062849045,0.9549999833106995,0.010000001,0,1.0,-0.9429999589920044,0.8799999952316284,0.3,2
2,1.0,0.0,1.0,0.0,0,0.0,-1.000499963760376,0.75,1.0,1
2,0.99,0.044999998062849045,0.9549999833106995,0.010000001,0,1.0,-0.9429999589920044,0.7549999952316284,0.8,0
2,1.0,0.0,1.0,0.0,0,0.0,-1.000499963760376,0.75,1.0,1
2,1.0,0.0,1.0,0.0,0,0.0,-1.0,0.925000011920929,0.3,3
2,0.99,0.044999998062849045,0.9549999833106995,0.010000001,0,1.0,-0.9429999589920044,0.8299999833106995,0.5,1
2,0.99,0.044999998062849045,0.9549999833106995,0.010000001,0,1.0,-0.9424999356269836,0.9050000309944153,0.2,2
2,1.0,0.0,1.0,0.0,0,0.0,-1.000499963760376,0.800000011920929,0.8,3
2,1.0,0.0,1.0,0.0,0,0.0,-1.0,0.7749999761581421,0.5,1
2,1.0,1.0,0.0,0.0,0,0.0,1.0,0.0,0.0,0
2,0.96,1.0,0.0,0.040000003,0,1.0,0.8740000128746033,0.0,0.0,0
2,1.0,0.0,1.0,0.0,0,0.0,-1.0010000467300415,0.6399999856948853,0.8,3
2,1.0,1.0,0.0,0.0,0,0.0,1.0,0.0,0.0,0
2,0.96955466,0.1370040625333786,0.8629959225654602,0.03044535,0,0.0,-0.8264614343643188,0.7729958891868591,0.3,2
2,1.0,1.0,0.0,0.0,0,0.0,0.9984777569770813,0.0,0.0,0
2,1.0,0.0,1.0,0.0,0,0.0,-1.0,0.925000011920929,0.3,3
2,1.0,0.0,1.0,0.0,0,0.0,-1.0,0.800000011920929,0.8,0
2,0.96,1.0,0.0,0.040000003,0,1.0,0.8740000128746033,0.0,0.0,0
2,1.0,1.0,0.0,0.0,0,0.0,0.9990000128746033,0.0,0.0,0
2,1.0,0.0,1.0,0.0,0,0.0,-1.0,0.9500000476837158,0.2,0
2,1.0,1.0,0.0,0.0,0,0.0,1.0,0.0,0.0,0
2,1.0,0.0,1.0,0.0,0,0.0,-1.0,0.925000011920929,0.3,1
2,0.8070011,0.8684949278831482,0.1315050572156906,0.19299887,1,0.0,-4.899906158447266,0.07150505483150482,0.2,2
2,1.0,0.0,1.0,0.0,0,0.0,-1.0096499919891357,0.7000000476837158,1.0,2
2,0.990665,0.04200741648674011,0.9579926133155823,0.009334981,0,0.0,-0.9467906951904297,0.8779926300048828,0.2,3
2,1.0,0.0,1.0,0.0,0,0.0,-1.0004667043685913,0.75,1.0,2
2,0.81880426,0.815380871295929,0.18461912870407104,0.18119577,1,0.0,-4.967184543609619,0.1096191257238388,0.3,3
2,0.9990652,0.004206615500152111,0.9957934021949768,0.0009348035,0,0.0,-1.0036379098892212,0.7957934141159058,0.5,3
2,1.0,1.0,0.0,0.0,0,0.0,0.9999532699584961,0.0,0.0,0
2,0.98,1.0,0.0,0.020000001,0,1.0,0.9369999766349792,0.0,0.0,0
2,0.99,0.044999998062849045,0.9549999833106995,0.010000001,0,1.0,-0.9424999356269836,0.5949999690055847,0.8,3
2,0.98,1.0,0.0,0.020000001,0,1.0,0.9375,0.0,0.0,0
2,1.0,0.0,1.0,0.0,0,0.0,-1.000499963760376,0.9200000166893005,0.2,3
2,1.0,0.0,1.0,0.0,0,0.0,-1.0,0.875,0.5,2
2,1.0,1.0,0.0,0.0,0,0.0,1.0,0.0,0.0,0
2,0.98,1.0,0.0,0.020000001,0,1.0,0.9369999766349792,0.0,0.0,0
2,1.0,1.0,0.0,0.0,0,0.0,0.9994999766349792,0.0,0.0,0
2,1.0,0.0,1.0,0.0,0,0.0,-1.0,0.5999999642372131,1.0,0
2,1.0,0.0,1.0,0.0,0,0.0,-1.0,0.6800000071525574,0.8,3
2,1.0,0.0,1.0,0.0,0,0.0,-1.0,0.800000011920929,0.8,1
2,1.0,0.0,1.0,0.0,0,0.0,-1.0,0.9200000166893005,0.2,1
2,1.0,0.0,1.0,0.0,0,0.0,-1.0,0.9500000476837158,0.2,0
2,1.0,0.0,1.0,0.0,0,0.0,-1.0,0.940000057220459,0.2,2
2,1.0,0.0,1.0,0.0,0,0.0,-1.0,0.9200000166893005,0.2,2
2,1.0,0.0,1.0,0.0,0,0.0,-1.0,0.800000011920929,0.8,3
2,1.0,0.0,1.0,0.0,0,0.0,-1.0,0.6800000071525574,0.8,0
2,1.0,0.0,1.0,0.0,0,0.0,-1.0,0.875,0.5,2
2,1.0,0.0,1.0,0.0,0,0.0,-1.0,0.925000011920929,0.3,3
2,0.96783197,0.14475616812705994,0.8552438616752625,0.03216804,0,0.0,-0.8166422843933105,0.6152438521385193,0.8,0
2,1.0,0.0,1.0,0.0,0,0.0,-1.0016083717346191,0.800000011920929,0.8,0
2,0.81117845,0.849696934223175,0.15030303597450256,0.18882154,1,0.0,-4.923717498779297,0.06030303239822388,0.3,0
2,1.0,1.0,0.0,0.0,0,0.0,0.990558922290802,0.0,0.0,0
2,1.0,1.0,0.0,0.0,0,0.0,1.0,0.0,0.0,0
2,1.0,0.0,1.0,0.0,0,0.0,-1.0,0.6800000071525574,0.8,1
2,0.96,1.0,0.0,0.040000003,0,1.0,0.8740000128746033,0.0,0.0,0
2,0.9995891,0.0018491684459149837,0.9981508255004883,0.00041092635,0,0.0,-0.998616635799408,0.7581508159637451,0.8,0
2,0.9760923,1.0,0.0,0.02390771,0,0.0,0.9247112274169922,0.0,0.0,0
2,1.0,0.0,1.0,0.0,0,0.0,-1.0005977153778076,0.925000011920929,0.3,0
2,1.0,0.0,1.0,0.0,0,0.0,-1.0,0.7000000476837158,1.0,0
2,1.0,0.0,1.0,0.0,0,0.0,-1.0,0.9500000476837158,0.2,0
2,1.0,0.0,1.0,0.0,0,0.0,-1.0,0.7599999904632568,0.8,2
2,1.0,0.0,1.0,0.0,0,0.0,-1.0,0.925000011920929,0.3,0
2,0.8,0.8999999761581421,0.1000000536441803,0.2,1,0.0,-4.8600006103515625,-0.09999994188547134,0.8,1
2,1.0,0.0,1.0,0.0,0,0.0,-1.0099999904632568,0.9500000476837158,0.2,2
2,0.99,0.044999998062849045,0.9549999833106995,0.010000001,0,1.0,-0.9429999589920044,0.9050000309944153,0.2,0
2,0.99,0.044999998062849045,0.9549999833106995,0.010000001,0,1.0,-0.9424999356269836,0.5949999690055847,0.8,3
2,1.0,0.0,1.0,0.0,0,0.0,-1.000499963760376,0.6800000071525574,0.8,2
2,0.99,0.044999998062849045,0.9549999833106995,0.010000001,0,1.0,-0.9429999589920044,0.8799999952316284,0.3,3
2,0.9900098,0.0449560210108757,0.9550439715385437,0.009990227,0,0.0,-0.942556619644165,0.5550439357757568,1.0,0
2,1.0,1.0,0.0,0.0,0,0.0,0.9995005130767822,0.0,0.0,0
2,0.99,0.044999998062849045,0.9549999833106995,0.010000001,0,1.0,-0.9429999589920044,0.5549999475479126,1.0,0
2,1.0,1.0,0.0,0.0,0,0.0,0.9994999766349792,0.0,0.0,0
2,1.0,0.0,1.0,0.0,0,0.0,-1.0,0.5999999642372131,1.0,3
2,1.0,1.0,0.0,0.0,0,0.0,1.0,0.0,0.0,0
2,1.0,1.0,0.0,0.0,0,0.0,1.0,0.0,0.0,0
2,0.98,1.0,0.0,0.020000001,0,1.0,0.9369999766349792,0.0,0.0,0
2,1.0,0.0,1.0,0.0,0,0.0,-1.000499963760376,0.940000057220459,0.2,0
2,1.0,1.0,0.0,0.0,0,0.0,1.0,0.0,0.0,0
2,1.0,1.0,0.0,0.0,0,0.0,1.0,0.0,0.0,0
2,0.96910554,0.1390250027179718,0.8609750270843506,0.030894447,0,0.0,-0.8239017724990845,0.6359750032424927,0.5,2
2,0.81664485,0.8250980973243713,0.17490193247795105,0.18335514,1,0.0,-4.953331470489502,0.09990192949771881,0.3,0
2,1.0,0.0,1.0,0.0,0,0.0,-1.0091677904129028,0.925000011920929,0.3,1
2,0.99,0.044999998062849045,0.9549999833106995,0.010000001,0,1.0,-0.9429999589920044,0.6349999904632568,0.8,0
2,1.0,0.0,1.0,0.0,0,0.0,-1.000499963760376,0.800000011920929,0.8,0
2,1.0,0.0,1.0,0.0,0,0.0,-1.0,0.75,1.0,2
2,1.0,0.0,1.0,0.0,0,0.0,-1.0,0.940000057220459,0.2,2
2,0.99,0.044999998062849045,0.9549999833106995,0.010000001,0,1.0,-0.9429999589920044,0.9050000309944153,0.2,0
2,0.99,0.044999998062849045,0.9549999833106995,0.010000001,0,1.0,-0.9424999356269836,0.7149999737739563,0.8,0
2,1.0,0.0,1.0,0.0,0,0.0,-1.000499963760376,0.9200000166893005,0.2,0
2,1.0,0.0,1.0,0.0,0,0.0,-1.0,0.925000011920929,0.3,1
2,0.89466846,0.4739920496940613,0.5260079503059387,0.10533156,1,0.0,-5.3996100425720215,0.47600796818733215,0.2,0
2,1.0,0.0,1.0,0.0,0,0.0,-1.005266547203064,0.800000011920929,0.8,0
2,1.0,0.0,1.0,0.0,0,0.0,-1.0,0.925000011920929,0.3,2
2,1.0,1.0,0.0,0.0,0,0.0,1.0,0.0,0.0,0
2,1.0,1.0,0.0,0.0,0,0.0,1.0,0.0,0.0,0
2,0.99,0.044999998062849045,0.9549999833106995,0.010000001,0,1.0,-0.9429999589920044,0.9050000309944153,0.2,0
2,0.99,0.044999998062849045,0.9549999833106995,0.010000001,0,1.0,-0.9424999356269836,0.8299999833106995,0.5,3
2,0.98,1.0,0.0,0.020000001,0,1.0,0.9375,0.0,0.0,0
2,1.0,1.0,0.0,0.0,0,0.0,0.9994999766349792,0.0,0.0,0
2,1.0,0.0,1.0,0.0,0,0.0,-1.0,0.9099999666213989,0.3,0
2,1.0,0.0,1.0,0.0,0,0.0,-1.0,0.9500000476837158,0.2,2
2,1.0,0.0,1.0,0.0,0,0.0,-1.0,0.925000011920929,0.3,3
2,1.0,0.0,1.0,0.0,0,0.0,-1.0,0.800000011920929,0.8,1
2,1.0,0.0,1.0,0.0,0,0.0,-1.0,0.940000057220459,0.2,3
2,1.0,0.0,1.0,0.0,0,0.0,-1.0,0.940000057220459,0.2,1
2,1.0,1.0,0.0,0.0,0,0.0,1.0,0.0,0.0,0
2,1.0,0.0,1.0,0.0,0,0.0,-1.0,0.8500000238418579,0.5,2
2,1.0,0.0,1.0,0.0,0,0.0,-1.0,0.9099999666213989,0.3,1
2,0.8,0.8999999761581421,0.1000000536441803,0.2,1,0.0,-4.8600006103515625,-0.21999993920326233,0.8,2
2,1.0,1.0,0.0,0.0,0,0.0,0.9900000095367432,0.0,0.0,0
2,1.0,0.0,1.0,0.0,0,0.0,-1.0,0.925000011920929,0.3,2
2,1.0,0.0,1.0,0.0,0,0.0,-1.0,0.6399999856948853,0.8,1
2,1.0,0.0,1.0,0.0,0,0.0,-1.0,0.75,1.0,3
2,1.0,1.0,0.0,0.0,0,0.0,1.0,0.0,0.0,0
2,1.0,0.0,1.0,0.0,0,0.0,-1.0,0.800000011920929,0.8,3
2,1.0,0.0,1.0,0.0,0,0.0,-1.0,0.6800000071525574,0.8,2
2,0.8597485,0.6311318278312683,0.3688681721687317,0.14025152,1,0.0,-5.200565814971924,0.06886816024780273,1.0,2
2,1.0,0.0,1.0,0.0,0,0.0,-1.0070126056671143,0.6399999856948853,0.8,2
2,0.99,0.044999998062849045,0.9549999833106995,0.010000001,0,1.0,-0.9429999589920044,0.7549999952316284,0.5,1
2,0.99,0.044999998062849045,0.9549999833106995,0.010000001,0,1.0,-0.9424999356269836,0.7549999952316284,0.8,2
2,0.99,0.044999998062849045,0.9549999833106995,0.010000001,0,1.0,-0.9424999356269836,0.8799999952316284,0.3,1
2,1.0,0.0,1.0,0.0,0,0.0,-1.000499963760376,0.875,0.5,3
2,0.99,0.044999998062849045,0.9549999833106995,0.010000001,0,1.0,-0.9429999589920044,0.8799999952316284,0.3,2
2,1.0,0.0,1.0,0.0,0,0.0,-1.000499963760376,0.75,1.0,2
2,1.0,0.0,1.0,0.0,0,0.0,-1.0,0.800000011920929,0.8,1
2,0.9906531,0.04206113889813423,0.9579388499259949,0.00934692,0,0.0,-0.9467225670814514,0.6579388380050659,1.0,1
2,0.99,0.044999998062849045,0.9549999833106995,0.010000001,0,1.0,-0.9425325989723206,0.7300000190734863,0.5,1
2,1.0,0.0,1.0,0.0,0,0.0,-1.000499963760376,0.9500000476837158,0.2,1
2,1.0,1.0,0.0,0.0,0,0.0,1.0,0.0,0.0,0
2,0.98,1.0,0.0,0.020000001,0,1.0,0.9369999766349792,0.0,0.0,0
2,1.0,0.0,1.0,0.0,0,0.0,-1.000499963760376,0.7000000476837158,1.0,2
2,1.0,0.0,1.0,0.0,0,0.0,-1.0,0.9500000476837158,0.2,0
2,1.0,0.0,1.0,0.0,0,0.0,-1.0,0.75,1.0,1
2,1.0,1.0,0.0,0.0,0,0.0,1.0,0.0,0.0,0
2,1.0,1.0,0.0,0.0,0,0.0,1.0,0.0,0.0,0
2,1.0,0.0,1.0,0.0,0,0.0,-1.0,0.5999999642372131,1.0,2
2,1.0,1.0,0.0,0.0,0,0.0,1.0,0.0,0.0,0
2,1.0,0.0,1.0,0.0,0,0.0,-1.0,0.9200000166893005,0.2,0
2,1.0,1.0,0.0,0.0,0,0.0,1.0,0.0,0.0,0
