generation,average_attacker_reward,average_attack_leakage,average_sla_violations,attack_type_distribution,attacker_id,archive_reason,diversity_score_to_archive
9,0.7495964345932007,0.9995964765548706,0.2,"[0.3, 0.3, 0.2, 0.2, 0]",09119062,pareto_nondominated,0.0
8,0.7485545675039291,0.9985545873641968,1.0,"[0.3, 0.3, 0.2, 0.2, 0]",4bacb5f2,pareto_nondominated,0.0
7,0.747198003873229,0.9971979260444641,2.6,"[0.3, 0.3, 0.2, 0.2, 0]",d61a0ad9,pareto_nondominated,0.0
6,0.7429700398176908,0.9929699897766113,5.0,"[0.3, 0.3, 0.2, 0.2, 0]",5efd2a3a,pareto_nondominated,1.0
2,0.5073901048600674,0.6742901098787785,22.0,"[0.4768, 0.2172, 0.2332, 0.0728, 0]",29ead727,pareto_nondominated,0.0
1,0.4986815041780472,0.6681815111249685,29.4,"[0.528, 0.1692, 0.2516, 0.0512, 0]",0fa37d96,pareto_nondominated,0.0
0,0.49566217893064024,0.6723221884042024,32.4,"[0.5424, 0.1656, 0.236, 0.056, 0]",2795dc8b,pareto_nondominated,0.0
1,0.49452200680077074,0.6711420160889625,32.2,"[0.5396, 0.1652, 0.2348, 0.0604, 0]",10c90345,pareto_nondominated,0.0
0,0.49213780587017536,0.6669778158634901,33.8,"[0.532, 0.158, 0.2492, 0.0608, 0]",d40e673b,pareto_nondominated,1.0
